index,photo_url,filename
3_3,https://feedback06.wbbasket.ru/vol2217/part221707/221707599/photos/fs.webp,05892.jpg
3_28,https://feedback06.wbbasket.ru/vol2078/part207815/207815328/photos/fs.webp,05890.jpg
3_29,https://feedback06.wbbasket.ru/vol2078/part207815/207815004/photos/fs.webp,05891.jpg
10_13,https://feedback06.wbbasket.ru/vol1949/part194947/194947426/photos/fs.webp,00670.jpg
10_19,https://feedback06.wbbasket.ru/vol1941/part194139/194139340/photos/fs.webp,00676.jpg
10_21,https://feedback06.wbbasket.ru/vol1941/part194139/194139337/photos/fs.webp,00679.jpg
10_27,https://feedback06.wbbasket.ru/vol1930/part193050/193050463/photos/fs.webp,00685.jpg
16_4,https://feedback05.wbbasket.ru/vol1676/part167691/167691312/photos/fs.webp,02102.jpg
16_10,https://feedback04.wbbasket.ru/vol1481/part148113/148113395/photos/fs.webp,02091.jpg
18_10,https://feedback06.wbbasket.ru/vol2104/part210490/210490521/photos/fs.webp,02400.jpg
50_10,https://feedback06.wbbasket.ru/vol2060/part206059/206059694/photos/fs.webp,07325.jpg
52_13,https://feedback05.wbbasket.ru/vol1908/part190862/190862261/photos/fs.webp,07532.jpg
52_14,https://feedback05.wbbasket.ru/vol1908/part190862/190862297/photos/fs.webp,07533.jpg
54_14,https://feedback06.wbbasket.ru/vol2225/part222589/222589073/photos/fs.webp,07803.jpg
54_15,https://feedback06.wbbasket.ru/vol2225/part222589/222589068/photos/fs.webp,07804.jpg
55_16,https://feedback06.wbbasket.ru/vol2187/part218787/218787637/photos/fs.webp,07862.jpg
62_3,https://feedback06.wbbasket.ru/vol2227/part222718/222718813/photos/fs.webp,08306.jpg
62_4,https://feedback06.wbbasket.ru/vol2227/part222718/222718747/photos/fs.webp,08308.jpg
62_10,https://feedback06.wbbasket.ru/vol2226/part222627/222627575/photos/fs.webp,08285.jpg
70_10,https://feedback06.wbbasket.ru/vol2218/part221896/221896025/photos/fs.webp,08772.jpg
70_11,https://feedback06.wbbasket.ru/vol2218/part221896/221896026/photos/fs.webp,08773.jpg
76_25,https://feedback06.wbbasket.ru/vol2105/part210591/210591184/photos/fs.webp,09397.jpg
96_16,https://feedback06.wbbasket.ru/vol2222/part222282/222282955/photos/fs.webp,10762.jpg
97_13,https://feedback06.wbbasket.ru/vol2030/part203042/203042320/photos/fs.webp,10884.jpg
100_7,https://feedback06.wbbasket.ru/vol2070/part207099/207099554/photos/fs.webp,00033.jpg
100_9,https://feedback06.wbbasket.ru/vol2027/part202795/202795595/photos/fs.webp,00035.jpg
100_14,https://feedback06.wbbasket.ru/vol1989/part198946/198946982/photos/fs.webp,00011.jpg
100_16,https://feedback06.wbbasket.ru/vol1989/part198946/198946984/photos/fs.webp,00013.jpg
100_17,https://feedback06.wbbasket.ru/vol1989/part198946/198946983/photos/fs.webp,00014.jpg
100_24,https://feedback06.wbbasket.ru/vol1938/part193877/193877101/photos/fs.webp,00022.jpg
100_28,https://feedback05.wbbasket.ru/vol1891/part189162/189162353/photos/fs.webp,00026.jpg
101_6,https://feedback06.wbbasket.ru/vol2182/part218240/218240796/photos/fs.webp,00092.jpg
101_7,https://feedback06.wbbasket.ru/vol2179/part217983/217983174/photos/fs.webp,00093.jpg
101_11,https://feedback06.wbbasket.ru/vol2121/part212100/212100511/photos/fs.webp,00068.jpg
101_12,https://feedback06.wbbasket.ru/vol2093/part209362/209362648/photos/fs.webp,00069.jpg
101_26,https://feedback06.wbbasket.ru/vol2027/part202710/202710456/photos/fs.webp,00084.jpg
101_27,https://feedback06.wbbasket.ru/vol2002/part200253/200253675/photos/fs.webp,00085.jpg
102_15,https://feedback06.wbbasket.ru/vol2227/part222727/222727429/photos/fs.webp,00144.jpg
108_3,https://feedback06.wbbasket.ru/vol2195/part219529/219529962/photos/fs.webp,00627.jpg
108_6,https://feedback06.wbbasket.ru/vol2135/part213563/213563152/photos/fs.webp,00631.jpg
108_7,https://feedback06.wbbasket.ru/vol1940/part194032/194032123/photos/fs.webp,00632.jpg
108_9,https://feedback05.wbbasket.ru/vol1893/part189316/189316296/photos/fs.webp,00634.jpg
108_20,https://feedback04.wbbasket.ru/vol1314/part131467/131467326/photos/fs.webp,00617.jpg
109_11,https://videofeedback01.wbbasket.ru/1770226e-d202-4055-872a-1814ec6a8eff/preview.webp,00638.jpg
109_12,https://feedback06.wbbasket.ru/vol2209/part220909/220909882/photos/fs.webp,00639.jpg
109_27,https://feedback06.wbbasket.ru/vol2181/part218134/218134298/photos/fs.webp,00655.jpg
109_28,https://feedback06.wbbasket.ru/vol2181/part218134/218134336/photos/fs.webp,00656.jpg
109_29,https://feedback06.wbbasket.ru/vol2180/part218055/218055853/photos/fs.webp,00657.jpg
111_15,https://feedback06.wbbasket.ru/vol2041/part204173/204173895/photos/fs.webp,00853.jpg
112_6,https://feedback06.wbbasket.ru/vol2205/part220556/220556042/photos/fs.webp,00903.jpg
112_9,https://feedback06.wbbasket.ru/vol2194/part219489/219489755/photos/fs.webp,00906.jpg
112_11,https://feedback06.wbbasket.ru/vol2188/part218874/218874496/photos/fs.webp,00879.jpg
112_12,https://feedback06.wbbasket.ru/vol2179/part217941/217941310/photos/fs.webp,00880.jpg
112_23,https://feedback06.wbbasket.ru/vol2123/part212353/212353918/photos/fs.webp,00892.jpg
112_24,https://feedback06.wbbasket.ru/vol2123/part212354/212354026/photos/fs.webp,00893.jpg
112_25,https://feedback06.wbbasket.ru/vol2123/part212354/212354091/photos/fs.webp,00894.jpg
112_26,https://feedback06.wbbasket.ru/vol2123/part212354/212354988/photos/fs.webp,00895.jpg
112_27,https://feedback06.wbbasket.ru/vol2120/part212018/212018189/photos/fs.webp,00896.jpg
112_28,https://feedback06.wbbasket.ru/vol2120/part212018/212018199/photos/fs.webp,00897.jpg
114_3,https://feedback06.wbbasket.ru/vol2181/part218161/218161641/photos/fs.webp,00998.jpg
114_11,https://feedback06.wbbasket.ru/vol2050/part205039/205039552/photos/fs.webp,00978.jpg
114_22,https://feedback06.wbbasket.ru/vol2024/part202434/202434799/photos/fs.webp,00990.jpg
114_28,https://feedback06.wbbasket.ru/vol1983/part198348/198348474/photos/fs.webp,00996.jpg
115_12,https://feedback06.wbbasket.ru/vol2190/part219096/219096283/photos/fs.webp,01009.jpg
116_2,https://feedback06.wbbasket.ru/vol2102/part210237/210237215/photos/fs.webp,01113.jpg
116_21,https://feedback06.wbbasket.ru/vol1968/part196895/196895864/photos/fs.webp,01115.jpg
118_24,https://feedback05.wbbasket.ru/vol1903/part190342/190342225/photos/fs.webp,01187.jpg
122_3,https://feedback06.wbbasket.ru/vol1991/part199184/199184369/photos/fs.webp,01295.jpg
122_21,https://feedback05.wbbasket.ru/vol1860/part186030/186030786/photos/fs.webp,01286.jpg
122_23,https://feedback05.wbbasket.ru/vol1809/part180976/180976189/photos/fs.webp,01288.jpg
123_27,https://feedback05.wbbasket.ru/vol1640/part164019/164019686/photos/fs.webp,01322.jpg
124_7,https://feedback06.wbbasket.ru/vol2023/part202349/202349021/photos/fs.webp,01361.jpg
124_8,https://feedback06.wbbasket.ru/vol2023/part202349/202349019/photos/fs.webp,01362.jpg
124_10,https://feedback06.wbbasket.ru/vol1945/part194587/194587068/photos/fs.webp,01335.jpg
124_30,https://feedback05.wbbasket.ru/vol1724/part172466/172466813/photos/fs.webp,01357.jpg
136_25,https://feedback06.wbbasket.ru/vol1946/part194644/194644250/photos/fs.webp,01680.jpg
149_4,https://feedback06.wbbasket.ru/vol2190/part219093/219093586/photos/fs.webp,01760.jpg
149_5,https://feedback06.wbbasket.ru/vol2172/part217295/217295981/photos/fs.webp,01761.jpg
149_6,https://feedback06.wbbasket.ru/vol2172/part217295/217295982/photos/fs.webp,01762.jpg
149_14,https://feedback06.wbbasket.ru/vol2116/part211670/211670891/photos/fs.webp,01741.jpg
154_9,https://feedback06.wbbasket.ru/vol2038/part203873/203873228/photos/fs.webp,01825.jpg
158_5,https://feedback05.wbbasket.ru/vol1811/part181189/181189974/photos/fs.webp,01941.jpg
159_1,https://feedback06.wbbasket.ru/vol2210/part221081/221081372/photos/fs.webp,01946.jpg
159_14,https://feedback04.wbbasket.ru/vol1214/part121413/121413629/photos/fs.webp,01951.jpg
159_16,https://feedback03.wbbasket.ru/vol1100/part110093/110093026/photos/fs.webp,01953.jpg
162_23,https://feedback06.wbbasket.ru/vol2182/part218219/218219043/photos/fs.webp,02045.jpg
162_26,https://feedback06.wbbasket.ru/vol2182/part218219/218219378/photos/fs.webp,02048.jpg
164_9,https://feedback06.wbbasket.ru/vol2031/part203184/203184971/photos/fs.webp,02089.jpg
170_1,https://feedback06.wbbasket.ru/vol2178/part217837/217837799/photos/fs.webp,02108.jpg
170_16,https://videofeedback03.wbbasket.ru/3d48b6a5-9110-4980-a662-b36160ad5f26/preview.webp,02115.jpg
172_26,https://feedback06.wbbasket.ru/vol2197/part219702/219702435/photos/fs.webp,02156.jpg
181_12,https://feedback06.wbbasket.ru/vol2188/part218806/218806199/photos/fs.webp,02261.jpg
181_13,https://feedback06.wbbasket.ru/vol2188/part218806/218806277/photos/fs.webp,02262.jpg
182_13,https://feedback06.wbbasket.ru/vol1964/part196450/196450893/photos/fs.webp,02292.jpg
185_10,https://videofeedback03.wbbasket.ru/bd9f93ff-89e1-4fb5-836c-deb8d3478d35/preview.webp,02310.jpg
191_6,https://feedback06.wbbasket.ru/vol2197/part219727/219727450/photos/fs.webp,02455.jpg
193_5,https://feedback05.wbbasket.ru/vol1682/part168263/168263735/photos/fs.webp,02469.jpg
194_1,https://feedback06.wbbasket.ru/vol2177/part217701/217701662/photos/fs.webp,02474.jpg
201_4,https://feedback06.wbbasket.ru/vol2187/part218779/218779977/photos/fs.webp,02667.jpg
201_14,https://feedback05.wbbasket.ru/vol1915/part191503/191503907/photos/fs.webp,02648.jpg
211_6,https://feedback06.wbbasket.ru/vol1946/part194659/194659440/photos/fs.webp,02729.jpg
211_10,https://feedback06.wbbasket.ru/vol1944/part194445/194445530/photos/fs.webp,02704.jpg
211_17,https://feedback05.wbbasket.ru/vol1864/part186457/186457365/photos/fs.webp,02711.jpg
211_27,https://feedback05.wbbasket.ru/vol1587/part158708/158708205/photos/fs.webp,02722.jpg
221_7,https://feedback06.wbbasket.ru/vol2090/part209086/209086068/photos/fs.webp,02950.jpg
224_25,https://feedback06.wbbasket.ru/vol2043/part204317/204317112/photos/fs.webp,03030.jpg
243_22,https://feedback05.wbbasket.ru/vol1789/part178971/178971074/photos/fs.webp,03320.jpg
252_11,https://feedback06.wbbasket.ru/vol1959/part195972/195972003/photos/fs.webp,03433.jpg
253_16,https://videofeedback01.wbbasket.ru/2f0ca07a-83b8-4cf6-a6fe-1e9d37544a42/preview.webp,03468.jpg
253_18,https://feedback06.wbbasket.ru/vol1951/part195169/195169053/photos/fs.webp,03470.jpg
267_18,https://feedback06.wbbasket.ru/vol2154/part215430/215430425/photos/fs.webp,03656.jpg
270_2,https://feedback06.wbbasket.ru/vol2174/part217497/217497234/photos/fs.webp,03688.jpg
272_22,https://feedback05.wbbasket.ru/vol1816/part181615/181615920/photos/fs.webp,03751.jpg
273_27,https://feedback05.wbbasket.ru/vol1728/part172853/172853812/photos/fs.webp,03786.jpg
275_1,https://feedback06.wbbasket.ru/vol1952/part195200/195200964/photos/fs.webp,03797.jpg
275_10,https://feedback05.wbbasket.ru/vol1659/part165983/165983831/photos/fs.webp,03798.jpg
275_22,https://feedback04.wbbasket.ru/vol1408/part140818/140818018/photos/fs.webp,03811.jpg
278_4,https://feedback06.wbbasket.ru/vol2185/part218540/218540744/photos/fs.webp,03883.jpg
278_22,https://videofeedback01.wbbasket.ru/9a28b279-5dba-4f11-9d8b-e82cb45d957f/preview.webp,03873.jpg
278_23,https://feedback06.wbbasket.ru/vol1978/part197830/197830388/photos/fs.webp,03874.jpg
278_26,https://feedback06.wbbasket.ru/vol1945/part194561/194561007/photos/fs.webp,03877.jpg
286_24,https://feedback06.wbbasket.ru/vol2197/part219719/219719150/photos/fs.webp,03965.jpg
288_13,https://feedback02.wbbasket.ru/vol736/part73684/73684090/photos/fs.webp,03983.jpg
306_30,https://feedback05.wbbasket.ru/vol1645/part164576/164576441/photos/fs.webp,04344.jpg
313_14,https://feedback06.wbbasket.ru/vol2199/part219907/219907915/photos/fs.webp,04456.jpg
313_19,https://feedback06.wbbasket.ru/vol2186/part218694/218694274/photos/fs.webp,04461.jpg
317_3,https://feedback06.wbbasket.ru/vol2170/part217006/217006663/photos/fs.webp,04520.jpg
346_1,https://feedback06.wbbasket.ru/vol2108/part210896/210896234/photos/fs.webp,04904.jpg
346_2,https://feedback06.wbbasket.ru/vol2108/part210892/210892825/photos/fs.webp,04915.jpg
349_2,https://feedback06.wbbasket.ru/vol2041/part204159/204159129/photos/fs.webp,04945.jpg
349_13,https://videofeedback01.wbbasket.ru/2fee5691-f84d-4750-af39-ff326548d2b3/preview.webp,04938.jpg
349_14,https://feedback06.wbbasket.ru/vol1970/part197059/197059927/photos/fs.webp,04939.jpg
349_15,https://feedback06.wbbasket.ru/vol1970/part197059/197059926/photos/fs.webp,04940.jpg
365_28,https://feedback05.wbbasket.ru/vol1764/part176440/176440404/photos/fs.webp,05231.jpg
365_29,https://feedback05.wbbasket.ru/vol1764/part176440/176440405/photos/fs.webp,05232.jpg
365_30,https://feedback05.wbbasket.ru/vol1764/part176440/176440406/photos/fs.webp,05234.jpg
368_12,https://feedback06.wbbasket.ru/vol1970/part197040/197040380/photos/fs.webp,05304.jpg
371_1,https://feedback06.wbbasket.ru/vol2222/part222205/222205540/photos/fs.webp,05343.jpg
372_3,https://feedback06.wbbasket.ru/vol2043/part204362/204362108/photos/fs.webp,05395.jpg
383_11,https://feedback03.wbbasket.ru/vol1148/part114862/114862899/photos/fs.webp,05597.jpg
383_25,https://feedback02.wbbasket.ru/vol677/part67777/67777764/photos/fs.webp,05612.jpg
383_26,https://feedback02.wbbasket.ru/vol677/part67777/67777780/photos/fs.webp,05613.jpg
383_30,https://feedback02.wbbasket.ru/vol525/part52561/52561240/photos/fs.webp,05618.jpg
397_1,https://feedback06.wbbasket.ru/vol2221/part222182/222182323/photos/fs.webp,05824.jpg
400_7,https://feedback04.wbbasket.ru/vol1331/part133107/133107385/photos/fs.webp,05927.jpg
400_10,https://feedback04.wbbasket.ru/vol1265/part126550/126550686/photos/fs.webp,05901.jpg
400_12,https://feedback03.wbbasket.ru/vol1154/part115429/115429039/photos/fs.webp,05903.jpg
419_4,https://feedback05.wbbasket.ru/vol1617/part161765/161765083/photos/fs.webp,06099.jpg
419_6,https://feedback04.wbbasket.ru/vol1462/part146201/146201291/photos/fs.webp,06101.jpg
419_13,https://feedback02.wbbasket.ru/vol636/part63670/63670516/photos/fs.webp,06079.jpg
419_22,https://feedback02.wbbasket.ru/vol556/part55671/55671917/photos/fs.webp,06089.jpg
419_24,https://feedback02.wbbasket.ru/vol494/part49499/49499417/photos/fs.webp,06091.jpg
437_15,https://feedback06.wbbasket.ru/vol2108/part210893/210893630/photos/fs.webp,06277.jpg
437_25,https://feedback06.wbbasket.ru/vol2062/part206221/206221079/photos/fs.webp,06288.jpg
452_7,https://feedback06.wbbasket.ru/vol2098/part209884/209884954/photos/fs.webp,06486.jpg
452_11,https://feedback06.wbbasket.ru/vol1966/part196624/196624287/photos/fs.webp,06461.jpg
452_29,https://feedback05.wbbasket.ru/vol1893/part189357/189357197/photos/fs.webp,06480.jpg
463_30,https://feedback01.wbbasket.ru/vol339/part33971/33971971/photos/fs.webp,06602.jpg
465_3,https://feedback06.wbbasket.ru/vol1954/part195420/195420740/photos/fs.webp,06661.jpg
475_11,https://feedback04.wbbasket.ru/vol1524/part152422/152422965/photos/fs.webp,06732.jpg
475_12,https://feedback04.wbbasket.ru/vol1492/part149254/149254657/photos/fs.webp,06733.jpg
475_16,https://feedback04.wbbasket.ru/vol1257/part125757/125757014/photos/fs.webp,06737.jpg
475_20,https://feedback03.wbbasket.ru/vol1003/part100397/100397798/photos/fs.webp,06742.jpg
475_25,https://feedback03.wbbasket.ru/vol922/part92219/92219386/photos/fs.webp,06747.jpg
479_12,https://feedback05.wbbasket.ru/vol1829/part182914/182914356/photos/fs.webp,06768.jpg
485_12,https://videofeedback02.wbbasket.ru/f0c85639-2cd1-4f15-a6f1-b2eab0d03ec4/preview.webp,06889.jpg
497_13,https://feedback06.wbbasket.ru/vol2112/part211200/211200692/photos/fs.webp,07074.jpg
497_14,https://feedback06.wbbasket.ru/vol2095/part209585/209585405/photos/fs.webp,07075.jpg
497_15,https://feedback06.wbbasket.ru/vol2095/part209585/209585408/photos/fs.webp,07076.jpg
499_1,https://feedback06.wbbasket.ru/vol2186/part218647/218647714/photos/fs.webp,07130.jpg
499_2,https://feedback06.wbbasket.ru/vol2179/part217970/217970062/photos/fs.webp,07141.jpg
499_22,https://feedback06.wbbasket.ru/vol2099/part209977/209977431/photos/fs.webp,07144.jpg
499_27,https://feedback06.wbbasket.ru/vol2095/part209578/209578207/photos/fs.webp,07149.jpg
516_7,https://feedback02.wbbasket.ru/vol642/part64225/64225382/photos/fs.webp,07410.jpg
542_2,https://feedback06.wbbasket.ru/vol1959/part195998/195998645/photos/fs.webp,07732.jpg
542_3,https://videofeedback02.wbbasket.ru/c435fe05-12b3-48e5-931e-d0d7ba5f7b2a/preview.webp,07733.jpg
542_10,https://feedback03.wbbasket.ru/vol1142/part114252/114252677/photos/fs.webp,07731.jpg
551_7,https://feedback05.wbbasket.ru/vol1909/part190927/190927888/photos/fs.webp,07848.jpg
620_1,https://feedback05.wbbasket.ru/vol1578/part157888/157888622/photos/fs.webp,08171.jpg
623_9,https://feedback06.wbbasket.ru/vol2007/part200713/200713248/photos/fs.webp,08239.jpg
628_2,https://feedback06.wbbasket.ru/vol2136/part213655/213655602/photos/fs.webp,08265.jpg
628_30,https://feedback05.wbbasket.ru/vol1805/part180568/180568483/photos/fs.webp,08277.jpg
637_3,https://feedback06.wbbasket.ru/vol2108/part210843/210843684/photos/fs.webp,08370.jpg
637_29,https://feedback04.wbbasket.ru/vol1365/part136576/136576573/photos/fs.webp,08369.jpg
655_19,https://feedback03.wbbasket.ru/vol1048/part104835/104835417/photos/fs.webp,08508.jpg
660_1,https://videofeedback04.wbbasket.ru/eef6be11-e32b-46ff-a928-ce7531111555/preview.webp,08555.jpg
660_2,https://feedback06.wbbasket.ru/vol2225/part222521/222521608/photos/fs.webp,08566.jpg
660_7,https://feedback06.wbbasket.ru/vol2223/part222330/222330170/photos/fs.webp,08582.jpg
660_8,https://feedback06.wbbasket.ru/vol2205/part220542/220542862/photos/fs.webp,08583.jpg
660_25,https://videofeedback03.wbbasket.ru/9e859eea-6ad4-43d3-87de-766f572f952d/preview.webp,08572.jpg
660_26,https://feedback06.wbbasket.ru/vol2187/part218734/218734961/photos/fs.webp,08573.jpg
700_11,https://feedback06.wbbasket.ru/vol2076/part207656/207656052/photos/fs.webp,08739.jpg
715_19,https://feedback06.wbbasket.ru/vol1962/part196267/196267693/photos/fs.webp,08832.jpg
715_20,https://feedback06.wbbasket.ru/vol1962/part196267/196267694/photos/fs.webp,08834.jpg
781_15,https://feedback04.wbbasket.ru/vol1403/part140397/140397842/photos/fs.webp,09485.jpg
781_17,https://feedback04.wbbasket.ru/vol1403/part140355/140355356/photos/fs.webp,09487.jpg
798_12,https://feedback05.wbbasket.ru/vol1542/part154228/154228259/photos/fs.webp,09595.jpg
798_14,https://feedback05.wbbasket.ru/vol1542/part154228/154228261/photos/fs.webp,09597.jpg
805_7,https://feedback02.wbbasket.ru/vol598/part59808/59808288/photos/fs.webp,09682.jpg
862_10,https://feedback06.wbbasket.ru/vol1995/part199583/199583946/photos/fs.webp,10068.jpg
902_28,https://feedback05.wbbasket.ru/vol1722/part172293/172293959/photos/fs.webp,10354.jpg
905_16,https://feedback06.wbbasket.ru/vol1974/part197427/197427620/photos/fs.webp,10381.jpg
905_17,https://feedback06.wbbasket.ru/vol1974/part197427/197427622/photos/fs.webp,10382.jpg
971_18,https://feedback06.wbbasket.ru/vol2064/part206468/206468969/photos/fs.webp,10794.jpg
971_23,https://feedback06.wbbasket.ru/vol2060/part206035/206035824/photos/fs.webp,10800.jpg
971_29,https://feedback06.wbbasket.ru/vol2055/part205531/205531591/photos/fs.webp,10806.jpg
1019_6,https://feedback01.wbbasket.ru/vol128/part12843/12843110/photos/fs.webp,00062.jpg
1019_8,https://feedback01.wbbasket.ru/vol127/part12717/12717519/photos/fs.webp,00064.jpg
1019_30,https://feedback02.wbbasket.ru/vol686/part68680/68680759/photos/fs.webp,00059.jpg
1030_2,https://feedback04.wbbasket.ru/vol1441/part144159/144159139/photos/fs.webp,00169.jpg
1036_16,https://feedback06.wbbasket.ru/vol2211/part221153/221153980/photos/fs.webp,00179.jpg
1036_23,https://feedback06.wbbasket.ru/vol2211/part221105/221105822/photos/fs.webp,00187.jpg
1043_5,https://feedback01.wbbasket.ru/vol269/part26925/26925556/photos/fs.webp,00206.jpg
1043_6,https://feedback01.wbbasket.ru/vol269/part26925/26925572/photos/fs.webp,00207.jpg
1043_7,https://feedback01.wbbasket.ru/vol269/part26925/26925588/photos/fs.webp,00208.jpg
1045_7,https://feedback03.wbbasket.ru/vol995/part99551/99551739/photos/fs.webp,00237.jpg
1045_9,https://feedback03.wbbasket.ru/vol995/part99551/99551741/photos/fs.webp,00239.jpg
1045_11,https://feedback02.wbbasket.ru/vol576/part57632/57632002/photos/fs.webp,00212.jpg
1045_12,https://feedback02.wbbasket.ru/vol576/part57632/57632020/photos/fs.webp,00213.jpg
1045_17,https://feedback02.wbbasket.ru/vol457/part45703/45703375/photos/fs.webp,00218.jpg
1045_28,https://feedback02.wbbasket.ru/vol474/part47439/47439106/photos/fs.webp,00230.jpg
1048_4,https://feedback06.wbbasket.ru/vol2081/part208111/208111765/photos/fs.webp,00288.jpg
1048_5,https://feedback06.wbbasket.ru/vol2045/part204541/204541016/photos/fs.webp,00289.jpg
1048_27,https://feedback06.wbbasket.ru/vol1934/part193423/193423858/photos/fs.webp,00283.jpg
1049_6,https://feedback06.wbbasket.ru/vol2102/part210232/210232001/photos/fs.webp,00300.jpg
1049_8,https://feedback05.wbbasket.ru/vol1744/part174456/174456333/photos/fs.webp,00302.jpg
1049_10,https://feedback05.wbbasket.ru/vol1561/part156176/156176234/photos/fs.webp,00295.jpg
1050_7,https://feedback06.wbbasket.ru/vol1974/part197469/197469002/photos/fs.webp,00331.jpg
1051_7,https://feedback06.wbbasket.ru/vol1925/part192589/192589024/photos/fs.webp,00361.jpg
1051_15,https://feedback05.wbbasket.ru/vol1667/part166741/166741874/photos/fs.webp,00340.jpg
1051_20,https://feedback04.wbbasket.ru/vol1320/part132035/132035430/photos/fs.webp,00346.jpg
1051_21,https://feedback04.wbbasket.ru/vol1310/part131026/131026936/photos/fs.webp,00347.jpg
1051_22,https://feedback04.wbbasket.ru/vol1310/part131026/131026937/photos/fs.webp,00348.jpg
1051_28,https://feedback03.wbbasket.ru/vol963/part96300/96300116/photos/fs.webp,00354.jpg
1058_9,https://feedback05.wbbasket.ru/vol1880/part188021/188021419/photos/fs.webp,00393.jpg
1058_11,https://feedback05.wbbasket.ru/vol1756/part175686/175686402/photos/fs.webp,00366.jpg
1058_12,https://feedback05.wbbasket.ru/vol1756/part175686/175686403/photos/fs.webp,00367.jpg
1058_18,https://feedback05.wbbasket.ru/vol1693/part169331/169331943/photos/fs.webp,00373.jpg
1058_26,https://feedback05.wbbasket.ru/vol1644/part164498/164498839/photos/fs.webp,00382.jpg
1062_7,https://feedback04.wbbasket.ru/vol1435/part143514/143514629/photos/fs.webp,00413.jpg
1062_11,https://feedback04.wbbasket.ru/vol1280/part128036/128036491/photos/fs.webp,00396.jpg
1062_16,https://feedback03.wbbasket.ru/vol1183/part118382/118382092/photos/fs.webp,00401.jpg
1065_11,https://feedback06.wbbasket.ru/vol2031/part203117/203117736/photos/fs.webp,00418.jpg
1065_22,https://feedback04.wbbasket.ru/vol1286/part128618/128618478/photos/fs.webp,00430.jpg
1065_23,https://feedback04.wbbasket.ru/vol1243/part124307/124307871/photos/fs.webp,00431.jpg
1065_27,https://feedback03.wbbasket.ru/vol1141/part114169/114169861/photos/fs.webp,00435.jpg
1065_29,https://feedback03.wbbasket.ru/vol1135/part113509/113509178/photos/fs.webp,00437.jpg
1067_3,https://feedback06.wbbasket.ru/vol2001/part200166/200166211/photos/fs.webp,00448.jpg
1076_1,https://feedback06.wbbasket.ru/vol2141/part214145/214145808/photos/fs.webp,00455.jpg
1076_7,https://feedback06.wbbasket.ru/vol2043/part204308/204308089/photos/fs.webp,00482.jpg
1076_8,https://feedback06.wbbasket.ru/vol2043/part204308/204308091/photos/fs.webp,00483.jpg
1076_27,https://feedback06.wbbasket.ru/vol1974/part197473/197473285/photos/fs.webp,00474.jpg
1076_28,https://feedback06.wbbasket.ru/vol1974/part197473/197473289/photos/fs.webp,00475.jpg
1077_11,https://feedback06.wbbasket.ru/vol2226/part222653/222653432/photos/fs.webp,00487.jpg
1077_12,https://feedback06.wbbasket.ru/vol2226/part222653/222653433/photos/fs.webp,00488.jpg
1077_20,https://feedback06.wbbasket.ru/vol2224/part222427/222427079/photos/fs.webp,00497.jpg
1077_25,https://feedback06.wbbasket.ru/vol2223/part222331/222331482/photos/fs.webp,00502.jpg
1079_2,https://feedback06.wbbasket.ru/vol2184/part218447/218447744/photos/fs.webp,00526.jpg
1079_20,https://feedback06.wbbasket.ru/vol2003/part200309/200309465/photos/fs.webp,00527.jpg
1079_21,https://feedback06.wbbasket.ru/vol1983/part198310/198310723/photos/fs.webp,00528.jpg
1080_1,https://feedback06.wbbasket.ru/vol2211/part221111/221111047/photos/fs.webp,00545.jpg
1080_8,https://feedback06.wbbasket.ru/vol2179/part217919/217919203/photos/fs.webp,00573.jpg
1080_11,https://feedback06.wbbasket.ru/vol2164/part216442/216442027/photos/fs.webp,00547.jpg
1080_12,https://feedback06.wbbasket.ru/vol2164/part216441/216441669/photos/fs.webp,00548.jpg
1080_13,https://feedback06.wbbasket.ru/vol2153/part215321/215321716/photos/fs.webp,00549.jpg
1080_17,https://feedback06.wbbasket.ru/vol2058/part205841/205841712/photos/fs.webp,00553.jpg
1080_18,https://feedback06.wbbasket.ru/vol2058/part205841/205841714/photos/fs.webp,00554.jpg
1080_22,https://feedback06.wbbasket.ru/vol1981/part198127/198127632/photos/fs.webp,00559.jpg
1080_23,https://feedback06.wbbasket.ru/vol1981/part198127/198127688/photos/fs.webp,00560.jpg
1089_24,https://feedback01.wbbasket.ru/vol363/part36368/36368282/photos/fs.webp,00591.jpg
1103_10,https://feedback06.wbbasket.ru/vol2072/part207238/207238619/photos/fs.webp,00697.jpg
1103_14,https://feedback06.wbbasket.ru/vol2068/part206844/206844782/photos/fs.webp,00701.jpg
1103_23,https://feedback06.wbbasket.ru/vol2066/part206601/206601957/photos/fs.webp,00711.jpg
1103_25,https://feedback06.wbbasket.ru/vol2062/part206290/206290411/photos/fs.webp,00713.jpg
1105_2,https://feedback06.wbbasket.ru/vol2122/part212231/212231275/photos/fs.webp,00727.jpg
1106_4,https://feedback05.wbbasket.ru/vol1871/part187114/187114467/photos/fs.webp,00736.jpg
1108_13,https://feedback06.wbbasket.ru/vol1950/part195096/195096724/photos/fs.webp,00744.jpg
1108_20,https://feedback05.wbbasket.ru/vol1772/part177296/177296080/photos/fs.webp,00752.jpg
1108_22,https://feedback05.wbbasket.ru/vol1736/part173624/173624421/photos/fs.webp,00754.jpg
1108_25,https://feedback05.wbbasket.ru/vol1675/part167575/167575057/photos/fs.webp,00757.jpg
1113_2,https://feedback03.wbbasket.ru/vol987/part98706/98706943/photos/fs.webp,00795.jpg
1113_3,https://feedback02.wbbasket.ru/vol804/part80493/80493730/photos/fs.webp,00806.jpg
1113_4,https://feedback02.wbbasket.ru/vol668/part66845/66845567/photos/fs.webp,00808.jpg
1113_6,https://feedback02.wbbasket.ru/vol503/part50383/50383566/photos/fs.webp,00810.jpg
1113_11,https://feedback01.wbbasket.ru/vol363/part36367/36367861/photos/fs.webp,00786.jpg
1113_30,https://feedback02.wbbasket.ru/vol511/part51186/51186578/photos/fs.webp,00807.jpg
1117_2,https://feedback06.wbbasket.ru/vol2152/part215222/215222724/photos/fs.webp,00825.jpg
1117_3,https://feedback06.wbbasket.ru/vol2152/part215222/215222718/photos/fs.webp,00836.jpg
1117_4,https://feedback06.wbbasket.ru/vol2020/part202045/202045967/photos/fs.webp,00838.jpg
1117_7,https://feedback06.wbbasket.ru/vol2020/part202001/202001282/photos/fs.webp,00841.jpg
1117_12,https://feedback06.wbbasket.ru/vol1953/part195332/195332381/photos/fs.webp,00817.jpg
1117_23,https://feedback05.wbbasket.ru/vol1915/part191554/191554136/photos/fs.webp,00829.jpg
1136_1,https://feedback04.wbbasket.ru/vol1358/part135899/135899704/photos/fs.webp,00907.jpg
1136_2,https://feedback04.wbbasket.ru/vol1358/part135899/135899703/photos/fs.webp,00909.jpg
1136_3,https://feedback04.wbbasket.ru/vol1358/part135899/135899706/photos/fs.webp,00910.jpg
1136_8,https://feedback03.wbbasket.ru/vol1033/part103356/103356029/photos/fs.webp,00915.jpg
1137_12,https://feedback03.wbbasket.ru/vol1016/part101692/101692045/photos/fs.webp,00920.jpg
1142_2,https://feedback06.wbbasket.ru/vol2216/part221619/221619761/photos/fs.webp,00952.jpg
1142_4,https://feedback06.wbbasket.ru/vol2151/part215159/215159300/photos/fs.webp,00965.jpg
1142_30,https://feedback05.wbbasket.ru/vol1734/part173408/173408414/photos/fs.webp,00964.jpg
1145_4,https://feedback04.wbbasket.ru/vol1293/part129308/129308840/photos/fs.webp,00974.jpg
1167_2,https://feedback05.wbbasket.ru/vol1903/part190350/190350821/photos/fs.webp,01094.jpg
1182_11,https://feedback06.wbbasket.ru/vol1996/part199699/199699533/photos/fs.webp,01143.jpg
1182_14,https://feedback06.wbbasket.ru/vol1991/part199179/199179370/photos/fs.webp,01146.jpg
1182_23,https://feedback06.wbbasket.ru/vol1984/part198400/198400132/photos/fs.webp,01156.jpg
1182_27,https://feedback06.wbbasket.ru/vol1982/part198205/198205073/photos/fs.webp,01160.jpg
1182_29,https://feedback06.wbbasket.ru/vol1981/part198186/198186013/photos/fs.webp,01162.jpg
1201_4,https://feedback06.wbbasket.ru/vol2222/part222263/222263157/photos/fs.webp,01225.jpg
1201_15,https://feedback06.wbbasket.ru/vol2214/part221461/221461754/photos/fs.webp,01207.jpg
1201_18,https://feedback06.wbbasket.ru/vol2213/part221336/221336350/photos/fs.webp,01210.jpg
1201_29,https://feedback06.wbbasket.ru/vol2210/part221022/221022572/photos/fs.webp,01222.jpg
1217_1,https://feedback04.wbbasket.ru/vol1301/part130102/130102166/photos/fs.webp,01260.jpg
1217_2,https://feedback04.wbbasket.ru/vol1301/part130102/130102167/photos/fs.webp,01261.jpg
1260_4,https://feedback05.wbbasket.ru/vol1766/part176690/176690545/photos/fs.webp,01399.jpg
1268_1,https://feedback06.wbbasket.ru/vol2220/part222048/222048451/photos/fs.webp,01402.jpg
1335_2,https://feedback02.wbbasket.ru/vol716/part71622/71622718/photos/fs.webp,01511.jpg
1356_11,https://feedback04.wbbasket.ru/vol1291/part129134/129134078/photos/fs.webp,01591.jpg
1356_12,https://feedback04.wbbasket.ru/vol1291/part129134/129134080/photos/fs.webp,01592.jpg
