"annotation_id","annotator","choice","created_at","filename","id","index","lead_time","photo_url","updated_at"
1,"1","Real Child","2024-10-29T18:27:25.340549Z","05892.jpg",1,"3_3",37.7,"https://feedback06.wbbasket.ru/vol2217/part221707/221707599/photos/fs.webp","2024-10-29T18:27:25.340549Z"
2,"1","Real Child","2024-10-29T18:27:37.471537Z","05890.jpg",2,"3_28",4.806,"https://feedback06.wbbasket.ru/vol2078/part207815/207815328/photos/fs.webp","2024-10-29T18:27:37.471537Z"
3,"1","Real Child","2024-10-29T18:27:46.533106Z","05891.jpg",3,"3_29",5.516,"https://feedback06.wbbasket.ru/vol2078/part207815/207815004/photos/fs.webp","2024-10-29T18:27:46.533106Z"
4,"1","No Child Present","2024-10-29T18:27:59.025725Z","00670.jpg",4,"10_13",6.422,"https://feedback06.wbbasket.ru/vol1949/part194947/194947426/photos/fs.webp","2024-10-29T18:27:59.025725Z"
5,"1","No Child Present","2024-10-29T18:28:05.156962Z","00676.jpg",5,"10_19",4.542,"https://feedback06.wbbasket.ru/vol1941/part194139/194139340/photos/fs.webp","2024-10-29T18:28:05.156962Z"
6,"1","Illustration of Child","2024-10-29T18:28:14.933659Z","00679.jpg",6,"10_21",7.151,"https://feedback06.wbbasket.ru/vol1941/part194139/194139337/photos/fs.webp","2024-10-29T18:28:14.933659Z"
7,"1","Illustration of Child","2024-10-29T18:28:21.060203Z","00685.jpg",7,"10_27",3.609,"https://feedback06.wbbasket.ru/vol1930/part193050/193050463/photos/fs.webp","2024-10-29T18:28:21.060203Z"
8,"1","No Child Present","2024-10-29T18:28:28.408665Z","02102.jpg",8,"16_4",5.265,"https://feedback05.wbbasket.ru/vol1676/part167691/167691312/photos/fs.webp","2024-10-29T18:28:28.408665Z"
9,"1","No Child Present","2024-10-29T18:28:34.892989Z","02091.jpg",9,"16_10",4.157,"https://feedback04.wbbasket.ru/vol1481/part148113/148113395/photos/fs.webp","2024-10-29T18:28:34.892989Z"
10,"1","Real Child","2024-10-29T18:28:40.247737Z","02400.jpg",10,"18_10",3.58,"https://feedback06.wbbasket.ru/vol2104/part210490/210490521/photos/fs.webp","2024-10-29T18:28:40.247737Z"
11,"1","Real Child","2024-10-29T18:28:46.580537Z","07325.jpg",11,"50_10",4.386,"https://feedback06.wbbasket.ru/vol2060/part206059/206059694/photos/fs.webp","2024-10-29T18:28:46.580537Z"
12,"1","No Child Present","2024-10-29T18:28:55.116125Z","07532.jpg",12,"52_13",5.64,"https://feedback05.wbbasket.ru/vol1908/part190862/190862261/photos/fs.webp","2024-10-29T18:28:55.116125Z"
13,"1","No Child Present","2024-10-29T18:29:02.447851Z","07533.jpg",13,"52_14",4.889,"https://feedback05.wbbasket.ru/vol1908/part190862/190862297/photos/fs.webp","2024-10-29T18:29:02.447851Z"
14,"1","Real Child","2024-10-29T18:29:12.244895Z","07803.jpg",14,"54_14",4.548,"https://feedback06.wbbasket.ru/vol2225/part222589/222589073/photos/fs.webp","2024-10-29T18:29:12.244895Z"
15,"1","Real Child","2024-10-29T18:29:17.527397Z","07804.jpg",15,"54_15",3.284,"https://feedback06.wbbasket.ru/vol2225/part222589/222589068/photos/fs.webp","2024-10-29T18:29:17.527397Z"
16,"1","Illustration of Child","2024-10-29T18:29:28.597716Z","07862.jpg",16,"55_16",23.666999999999998,"https://feedback06.wbbasket.ru/vol2187/part218787/218787637/photos/fs.webp","2024-11-06T10:32:58.470861Z"
17,"1","Real Child","2024-10-29T18:29:36.383225Z","08306.jpg",17,"62_3",5.027,"https://feedback06.wbbasket.ru/vol2227/part222718/222718813/photos/fs.webp","2024-10-29T18:29:36.383225Z"
18,"1","Real Child","2024-10-29T18:29:43.209378Z","08308.jpg",18,"62_4",5.115,"https://feedback06.wbbasket.ru/vol2227/part222718/222718747/photos/fs.webp","2024-10-29T18:29:43.210412Z"
19,"1","Real Child","2024-10-29T18:29:48.645023Z","08285.jpg",19,"62_10",3.401,"https://feedback06.wbbasket.ru/vol2226/part222627/222627575/photos/fs.webp","2024-10-29T18:29:48.645023Z"
20,"1","Real Child","2024-10-29T18:29:53.798027Z","08772.jpg",20,"70_10",3.361,"https://feedback06.wbbasket.ru/vol2218/part221896/221896025/photos/fs.webp","2024-10-29T18:29:53.798027Z"
21,"1","Real Child","2024-10-29T18:30:00.492126Z","08773.jpg",21,"70_11",3.297,"https://feedback06.wbbasket.ru/vol2218/part221896/221896026/photos/fs.webp","2024-10-29T18:30:00.492126Z"
22,"1","Real Child","2024-10-29T18:30:34.005930Z","09397.jpg",22,"76_25",2.997,"https://feedback06.wbbasket.ru/vol2105/part210591/210591184/photos/fs.webp","2024-10-29T18:30:34.005930Z"
23,"1","Real Child","2024-10-29T18:30:48.251763Z","10762.jpg",23,"96_16",12.602,"https://feedback06.wbbasket.ru/vol2222/part222282/222282955/photos/fs.webp","2024-11-06T10:21:51.906902Z"
24,"1","Real Child","2024-10-29T18:30:56.996203Z","10884.jpg",24,"97_13",4.401,"https://feedback06.wbbasket.ru/vol2030/part203042/203042320/photos/fs.webp","2024-10-29T18:30:56.996203Z"
25,"1","Illustration of Child","2024-10-29T18:31:04.648003Z","00033.jpg",25,"100_7",4.973,"https://feedback06.wbbasket.ru/vol2070/part207099/207099554/photos/fs.webp","2024-10-29T18:31:04.648003Z"
26,"1","Illustration of Child","2024-10-29T18:31:16.937318Z","00035.jpg",26,"100_9",4.021,"https://feedback06.wbbasket.ru/vol2027/part202795/202795595/photos/fs.webp","2024-10-29T18:31:16.937318Z"
27,"1","No Child Present","2024-10-29T18:31:21.822759Z","00011.jpg",27,"100_14",3.243,"https://feedback06.wbbasket.ru/vol1989/part198946/198946982/photos/fs.webp","2024-10-29T18:31:21.822759Z"
28,"1","Illustration of Child","2024-10-29T18:31:29.313968Z","00013.jpg",28,"100_16",5.026,"https://feedback06.wbbasket.ru/vol1989/part198946/198946984/photos/fs.webp","2024-10-29T18:31:29.313968Z"
29,"1","Illustration of Child","2024-10-29T18:31:37.086005Z","00014.jpg",29,"100_17",4.199,"https://feedback06.wbbasket.ru/vol1989/part198946/198946983/photos/fs.webp","2024-10-29T18:31:37.086005Z"
30,"1","No Child Present","2024-10-29T18:31:44.182708Z","00022.jpg",30,"100_24",4.397,"https://feedback06.wbbasket.ru/vol1938/part193877/193877101/photos/fs.webp","2024-10-29T18:31:44.182708Z"
31,"1","No Child Present","2024-10-29T18:31:51.585843Z","00026.jpg",31,"100_28",5.55,"https://feedback05.wbbasket.ru/vol1891/part189162/189162353/photos/fs.webp","2024-10-29T18:31:51.585843Z"
32,"1","No Child Present","2024-10-29T18:31:58.438596Z","00092.jpg",32,"101_6",3.805,"https://feedback06.wbbasket.ru/vol2182/part218240/218240796/photos/fs.webp","2024-10-29T18:31:58.438596Z"
33,"1","Illustration of Child","2024-10-29T18:32:04.195522Z","00093.jpg",33,"101_7",4.158,"https://feedback06.wbbasket.ru/vol2179/part217983/217983174/photos/fs.webp","2024-10-29T18:32:04.195522Z"
34,"1","Illustration of Child","2024-10-29T18:32:09.710005Z","00068.jpg",34,"101_11",3.677,"https://feedback06.wbbasket.ru/vol2121/part212100/212100511/photos/fs.webp","2024-10-29T18:32:09.710005Z"
35,"1","Illustration of Child","2024-10-29T18:32:14.583646Z","00069.jpg",35,"101_12",3.308,"https://feedback06.wbbasket.ru/vol2093/part209362/209362648/photos/fs.webp","2024-10-29T18:32:14.583646Z"
36,"1","No Child Present","2024-10-29T18:32:21.081236Z","00084.jpg",36,"101_26",3.663,"https://feedback06.wbbasket.ru/vol2027/part202710/202710456/photos/fs.webp","2024-10-29T18:32:21.081236Z"
37,"1","Illustration of Child","2024-10-29T18:32:25.496673Z","00085.jpg",37,"101_27",3.109,"https://feedback06.wbbasket.ru/vol2002/part200253/200253675/photos/fs.webp","2024-10-29T18:32:25.496673Z"
38,"1","No Child Present","2024-10-29T18:32:31.472585Z","00144.jpg",38,"102_15",3.778,"https://feedback06.wbbasket.ru/vol2227/part222727/222727429/photos/fs.webp","2024-10-29T18:32:31.472585Z"
39,"1","Illustration of Child","2024-10-29T18:32:36.615678Z","00627.jpg",39,"108_3",3.397,"https://feedback06.wbbasket.ru/vol2195/part219529/219529962/photos/fs.webp","2024-10-29T18:32:36.615678Z"
40,"1","No Child Present","2024-10-29T18:32:43.180891Z","00631.jpg",40,"108_6",4.944,"https://feedback06.wbbasket.ru/vol2135/part213563/213563152/photos/fs.webp","2024-10-29T18:32:43.180891Z"
41,"1","No Child Present","2024-10-29T18:32:47.642647Z","00632.jpg",41,"108_7",3.106,"https://feedback06.wbbasket.ru/vol1940/part194032/194032123/photos/fs.webp","2024-10-29T18:32:47.642647Z"
42,"1","No Child Present","2024-10-29T18:32:54.379533Z","00634.jpg",42,"108_9",4.275,"https://feedback05.wbbasket.ru/vol1893/part189316/189316296/photos/fs.webp","2024-10-29T18:32:54.379533Z"
43,"1","No Child Present","2024-10-29T18:33:00.872487Z","00617.jpg",43,"108_20",3.425,"https://feedback04.wbbasket.ru/vol1314/part131467/131467326/photos/fs.webp","2024-10-29T18:33:00.872487Z"
44,"1","Illustration of Child","2024-10-29T18:33:15.265063Z","00638.jpg",44,"109_11",13.038,"https://videofeedback01.wbbasket.ru/1770226e-d202-4055-872a-1814ec6a8eff/preview.webp","2024-10-29T18:33:15.265063Z"
45,"1","No Child Present","2024-10-29T18:33:20.456279Z","00639.jpg",45,"109_12",3.646,"https://feedback06.wbbasket.ru/vol2209/part220909/220909882/photos/fs.webp","2024-10-29T18:33:20.456279Z"
46,"1","Illustration of Child","2024-10-29T18:33:24.899284Z","00655.jpg",46,"109_27",3.038,"https://feedback06.wbbasket.ru/vol2181/part218134/218134298/photos/fs.webp","2024-10-29T18:33:24.899284Z"
47,"1","No Child Present","2024-10-29T18:33:29.476303Z","00656.jpg",47,"109_28",3.219,"https://feedback06.wbbasket.ru/vol2181/part218134/218134336/photos/fs.webp","2024-10-29T18:33:29.476303Z"
48,"1","Illustration of Child","2024-10-29T18:33:37.109056Z","00657.jpg",48,"109_29",3.491,"https://feedback06.wbbasket.ru/vol2180/part218055/218055853/photos/fs.webp","2024-10-29T18:33:37.109056Z"
49,"1","Real Child","2024-10-29T18:33:42.213156Z","00853.jpg",49,"111_15",3.578,"https://feedback06.wbbasket.ru/vol2041/part204173/204173895/photos/fs.webp","2024-10-29T18:33:42.213156Z"
50,"1","No Child Present","2024-10-29T18:33:49.989987Z","00903.jpg",50,"112_6",3.908,"https://feedback06.wbbasket.ru/vol2205/part220556/220556042/photos/fs.webp","2024-10-29T18:33:49.989987Z"
51,"1","Illustration of Child","2024-10-29T18:37:35.176562Z","00906.jpg",51,"112_9",223.423,"https://feedback06.wbbasket.ru/vol2194/part219489/219489755/photos/fs.webp","2024-10-29T18:37:35.176562Z"
52,"1","No Child Present","2024-10-29T18:37:42.365765Z","00879.jpg",52,"112_11",3.35,"https://feedback06.wbbasket.ru/vol2188/part218874/218874496/photos/fs.webp","2024-10-29T18:37:42.365765Z"
53,"1","No Child Present","2024-10-29T18:37:47.133190Z","00880.jpg",53,"112_12",3.417,"https://feedback06.wbbasket.ru/vol2179/part217941/217941310/photos/fs.webp","2024-10-29T18:37:47.133190Z"
54,"1","Illustration of Child","2024-10-29T18:37:52.109785Z","00892.jpg",54,"112_23",3.065,"https://feedback06.wbbasket.ru/vol2123/part212353/212353918/photos/fs.webp","2024-10-29T18:37:52.109785Z"
55,"1","No Child Present","2024-10-29T18:37:57.526538Z","00893.jpg",55,"112_24",3.686,"https://feedback06.wbbasket.ru/vol2123/part212354/212354026/photos/fs.webp","2024-10-29T18:37:57.526538Z"
56,"1","No Child Present","2024-10-29T18:38:03.597736Z","00894.jpg",56,"112_25",4.347,"https://feedback06.wbbasket.ru/vol2123/part212354/212354091/photos/fs.webp","2024-10-29T18:38:03.597736Z"
57,"1","No Child Present","2024-10-29T18:38:09.994263Z","00895.jpg",57,"112_26",4.553,"https://feedback06.wbbasket.ru/vol2123/part212354/212354988/photos/fs.webp","2024-10-29T18:38:09.994263Z"
58,"1","No Child Present","2024-10-29T18:38:15.254698Z","00896.jpg",58,"112_27",3.568,"https://feedback06.wbbasket.ru/vol2120/part212018/212018189/photos/fs.webp","2024-10-29T18:38:15.254698Z"
59,"1","No Child Present","2024-10-29T18:38:20.034045Z","00897.jpg",59,"112_28",3.08,"https://feedback06.wbbasket.ru/vol2120/part212018/212018199/photos/fs.webp","2024-10-29T18:38:20.034045Z"
60,"1","No Child Present","2024-10-29T18:38:31.233538Z","00998.jpg",60,"114_3",7.566,"https://feedback06.wbbasket.ru/vol2181/part218161/218161641/photos/fs.webp","2024-10-29T18:38:31.233538Z"
61,"1","No Child Present","2024-10-29T18:38:37.680384Z","00978.jpg",61,"114_11",4.484,"https://feedback06.wbbasket.ru/vol2050/part205039/205039552/photos/fs.webp","2024-10-29T18:38:37.680384Z"
62,"1","No Child Present","2024-10-29T18:38:42.392329Z","00990.jpg",62,"114_22",2.829,"https://feedback06.wbbasket.ru/vol2024/part202434/202434799/photos/fs.webp","2024-10-29T18:38:42.392329Z"
63,"1","No Child Present","2024-10-29T18:38:46.528866Z","00996.jpg",63,"114_28",2.83,"https://feedback06.wbbasket.ru/vol1983/part198348/198348474/photos/fs.webp","2024-10-29T18:38:46.528866Z"
64,"1","Illustration of Child","2024-10-29T18:38:50.851351Z","01009.jpg",64,"115_12",2.977,"https://feedback06.wbbasket.ru/vol2190/part219096/219096283/photos/fs.webp","2024-10-29T18:38:50.851351Z"
65,"1","Real Child","2024-10-29T18:38:56.483509Z","01113.jpg",65,"116_2",3.888,"https://feedback06.wbbasket.ru/vol2102/part210237/210237215/photos/fs.webp","2024-10-29T18:38:56.483509Z"
66,"1","Real Child","2024-10-29T18:39:01.752285Z","01115.jpg",66,"116_21",3.599,"https://feedback06.wbbasket.ru/vol1968/part196895/196895864/photos/fs.webp","2024-10-29T18:39:01.752285Z"
67,"1","No Child Present","2024-10-29T18:39:07.182203Z","01187.jpg",67,"118_24",4.025,"https://feedback05.wbbasket.ru/vol1903/part190342/190342225/photos/fs.webp","2024-10-29T18:39:07.182203Z"
68,"1","No Child Present","2024-10-29T18:39:13.505755Z","01295.jpg",68,"122_3",3.648,"https://feedback06.wbbasket.ru/vol1991/part199184/199184369/photos/fs.webp","2024-10-29T18:39:13.505755Z"
69,"1","No Child Present","2024-10-29T18:39:41.739401Z","01286.jpg",69,"122_21",26.826,"https://feedback05.wbbasket.ru/vol1860/part186030/186030786/photos/fs.webp","2024-10-29T18:39:41.739401Z"
70,"1","No Child Present","2024-10-29T18:39:46.153749Z","01288.jpg",70,"122_23",3.097,"https://feedback05.wbbasket.ru/vol1809/part180976/180976189/photos/fs.webp","2024-10-29T18:39:46.153749Z"
71,"1","Illustration of Child","2024-10-29T18:39:50.163020Z","01322.jpg",71,"123_27",2.725,"https://feedback05.wbbasket.ru/vol1640/part164019/164019686/photos/fs.webp","2024-10-29T18:39:50.163020Z"
72,"1","No Child Present","2024-10-29T18:39:59.086897Z","01361.jpg",72,"124_7",5.999,"https://feedback06.wbbasket.ru/vol2023/part202349/202349021/photos/fs.webp","2024-10-29T18:39:59.086897Z"
73,"1","No Child Present","2024-10-29T18:40:08.486779Z","01362.jpg",73,"124_8",7.672,"https://feedback06.wbbasket.ru/vol2023/part202349/202349019/photos/fs.webp","2024-10-29T18:40:08.486779Z"
74,"1","No Child Present","2024-10-29T18:40:13.159926Z","01335.jpg",74,"124_10",3.239,"https://feedback06.wbbasket.ru/vol1945/part194587/194587068/photos/fs.webp","2024-10-29T18:40:13.159926Z"
75,"1","No Child Present","2024-10-29T18:40:17.578155Z","01357.jpg",75,"124_30",3.222,"https://feedback05.wbbasket.ru/vol1724/part172466/172466813/photos/fs.webp","2024-10-29T18:40:17.578155Z"
76,"1","No Child Present","2024-10-29T18:40:22.983462Z","01680.jpg",76,"136_25",3.78,"https://feedback06.wbbasket.ru/vol1946/part194644/194644250/photos/fs.webp","2024-10-29T18:40:22.983462Z"
77,"1","Real Child","2024-10-29T18:40:28.904548Z","01760.jpg",77,"149_4",4.818,"https://feedback06.wbbasket.ru/vol2190/part219093/219093586/photos/fs.webp","2024-10-29T18:40:28.904548Z"
78,"1","Illustration of Child","2024-10-29T18:40:33.446585Z","01761.jpg",78,"149_5",2.953,"https://feedback06.wbbasket.ru/vol2172/part217295/217295981/photos/fs.webp","2024-10-29T18:40:33.446585Z"
79,"1","Illustration of Child","2024-10-29T18:40:38.185661Z","01762.jpg",79,"149_6",3.273,"https://feedback06.wbbasket.ru/vol2172/part217295/217295982/photos/fs.webp","2024-10-29T18:40:38.185661Z"
80,"1","Real Child","2024-10-29T18:40:45.069640Z","01741.jpg",80,"149_14",5.187,"https://feedback06.wbbasket.ru/vol2116/part211670/211670891/photos/fs.webp","2024-10-29T18:40:45.069640Z"
81,"1","Real Child","2024-10-29T18:40:56.238801Z","01825.jpg",81,"154_9",3.187,"https://feedback06.wbbasket.ru/vol2038/part203873/203873228/photos/fs.webp","2024-10-29T18:40:56.238801Z"
82,"1","Real Child","2024-10-29T18:41:03.506496Z","01941.jpg",82,"158_5",5.085,"https://feedback05.wbbasket.ru/vol1811/part181189/181189974/photos/fs.webp","2024-10-29T18:41:03.506496Z"
83,"1","Real Child","2024-10-29T18:41:10.219094Z","01946.jpg",83,"159_1",4.606,"https://feedback06.wbbasket.ru/vol2210/part221081/221081372/photos/fs.webp","2024-10-29T18:41:10.219094Z"
84,"1","No Child Present","2024-10-29T18:41:16.600118Z","01951.jpg",84,"159_14",4.212,"https://feedback04.wbbasket.ru/vol1214/part121413/121413629/photos/fs.webp","2024-10-29T18:41:16.600118Z"
85,"1","No Child Present","2024-10-29T18:41:21.979814Z","01953.jpg",85,"159_16",3.953,"https://feedback03.wbbasket.ru/vol1100/part110093/110093026/photos/fs.webp","2024-10-29T18:41:21.979814Z"
86,"1","Real Child","2024-10-29T18:42:17.120693Z","02045.jpg",86,"162_23",53.72,"https://feedback06.wbbasket.ru/vol2182/part218219/218219043/photos/fs.webp","2024-10-29T18:42:17.120693Z"
87,"1","No Child Present","2024-10-29T18:42:23.898814Z","02048.jpg",87,"162_26",4.397,"https://feedback06.wbbasket.ru/vol2182/part218219/218219378/photos/fs.webp","2024-10-29T18:42:23.898814Z"
88,"1","Real Child","2024-10-29T18:42:31.704238Z","02089.jpg",88,"164_9",5.433,"https://feedback06.wbbasket.ru/vol2031/part203184/203184971/photos/fs.webp","2024-10-29T18:42:31.704238Z"
89,"1","Real Child","2024-10-29T18:42:38.105481Z","02108.jpg",89,"170_1",4.992,"https://feedback06.wbbasket.ru/vol2178/part217837/217837799/photos/fs.webp","2024-10-29T18:42:38.105481Z"
90,"1","No Child Present","2024-10-29T18:42:51.672380Z","02115.jpg",90,"170_16",3.747,"https://videofeedback03.wbbasket.ru/3d48b6a5-9110-4980-a662-b36160ad5f26/preview.webp","2024-10-29T18:42:51.672380Z"
91,"1","No Child Present","2024-10-29T18:42:59.372521Z","02156.jpg",91,"172_26",4.909,"https://feedback06.wbbasket.ru/vol2197/part219702/219702435/photos/fs.webp","2024-10-29T18:42:59.372521Z"
92,"1","Real Child","2024-10-29T18:43:06.156257Z","02261.jpg",92,"181_12",5.597,"https://feedback06.wbbasket.ru/vol2188/part218806/218806199/photos/fs.webp","2024-10-29T18:43:06.156257Z"
93,"1","Real Child","2024-10-29T18:44:09.282705Z","02262.jpg",93,"181_13",4.907,"https://feedback06.wbbasket.ru/vol2188/part218806/218806277/photos/fs.webp","2024-10-29T18:44:09.282705Z"
94,"1","Real Child","2024-10-29T18:44:14.171294Z","02292.jpg",94,"182_13",3.646,"https://feedback06.wbbasket.ru/vol1964/part196450/196450893/photos/fs.webp","2024-10-29T18:44:14.171294Z"
95,"1","Real Child","2024-10-29T18:44:19.559631Z","02310.jpg",95,"185_10",3.73,"https://videofeedback03.wbbasket.ru/bd9f93ff-89e1-4fb5-836c-deb8d3478d35/preview.webp","2024-10-29T18:44:19.559631Z"
96,"1","No Child Present","2024-10-29T18:44:23.787823Z","02455.jpg",96,"191_6",3.004,"https://feedback06.wbbasket.ru/vol2197/part219727/219727450/photos/fs.webp","2024-10-29T18:44:23.787823Z"
97,"1","No Child Present","2024-10-29T18:44:29.944529Z","02469.jpg",97,"193_5",3.45,"https://feedback05.wbbasket.ru/vol1682/part168263/168263735/photos/fs.webp","2024-10-29T18:44:29.944529Z"
98,"1","Real Child","2024-10-29T18:44:35.446206Z","02474.jpg",98,"194_1",3.844,"https://feedback06.wbbasket.ru/vol2177/part217701/217701662/photos/fs.webp","2024-10-29T18:44:35.446206Z"
99,"1","Real Child","2024-10-29T18:44:41.574780Z","02667.jpg",99,"201_4",4.854,"https://feedback06.wbbasket.ru/vol2187/part218779/218779977/photos/fs.webp","2024-10-29T18:44:41.574780Z"
100,"1","Real Child","2024-10-29T18:44:47.383100Z","02648.jpg",100,"201_14",4.361,"https://feedback05.wbbasket.ru/vol1915/part191503/191503907/photos/fs.webp","2024-10-29T18:44:47.383100Z"
101,"1","Illustration of Child","2024-10-29T18:44:52.055516Z","02729.jpg",101,"211_6",3.132,"https://feedback06.wbbasket.ru/vol1946/part194659/194659440/photos/fs.webp","2024-10-29T18:44:52.055516Z"
102,"1","Illustration of Child","2024-10-29T18:44:57.625297Z","02704.jpg",102,"211_10",4.056,"https://feedback06.wbbasket.ru/vol1944/part194445/194445530/photos/fs.webp","2024-10-29T18:44:57.625297Z"
103,"1","Real Child","2024-10-29T18:45:02.533802Z","02711.jpg",103,"211_17",3.135,"https://feedback05.wbbasket.ru/vol1864/part186457/186457365/photos/fs.webp","2024-10-29T18:45:02.533802Z"
104,"1","Illustration of Child","2024-10-29T18:45:07.629218Z","02722.jpg",104,"211_27",3.379,"https://feedback05.wbbasket.ru/vol1587/part158708/158708205/photos/fs.webp","2024-10-29T18:45:07.629218Z"
105,"1","Real Child","2024-10-29T18:45:21.546324Z","02950.jpg",105,"221_7",16.242,"https://feedback06.wbbasket.ru/vol2090/part209086/209086068/photos/fs.webp","2024-11-06T10:22:40.362085Z"
106,"1","Real Child","2024-10-29T18:48:52.590013Z","03030.jpg",106,"224_25",6.279,"https://feedback06.wbbasket.ru/vol2043/part204317/204317112/photos/fs.webp","2024-10-29T18:48:52.590013Z"
107,"1","Real Child","2024-10-29T18:48:59.045496Z","03320.jpg",107,"243_22",4.194,"https://feedback05.wbbasket.ru/vol1789/part178971/178971074/photos/fs.webp","2024-10-29T18:48:59.045496Z"
108,"1","No Child Present","2024-10-29T18:49:04.415750Z","03433.jpg",108,"252_11",3.954,"https://feedback06.wbbasket.ru/vol1959/part195972/195972003/photos/fs.webp","2024-10-29T18:49:04.415750Z"
109,"1","No Child Present","2024-10-29T18:49:08.969673Z","03468.jpg",109,"253_16",3.348,"https://videofeedback01.wbbasket.ru/2f0ca07a-83b8-4cf6-a6fe-1e9d37544a42/preview.webp","2024-10-29T18:49:08.969673Z"
110,"1","No Child Present","2024-10-29T18:49:14.293002Z","03470.jpg",110,"253_18",3.349,"https://feedback06.wbbasket.ru/vol1951/part195169/195169053/photos/fs.webp","2024-10-29T18:49:14.293002Z"
111,"1","Real Child","2024-10-29T18:49:20.033550Z","03656.jpg",111,"267_18",3.702,"https://feedback06.wbbasket.ru/vol2154/part215430/215430425/photos/fs.webp","2024-10-29T18:49:20.033550Z"
112,"1","Real Child","2024-10-29T18:49:24.466884Z","03688.jpg",112,"270_2",2.933,"https://feedback06.wbbasket.ru/vol2174/part217497/217497234/photos/fs.webp","2024-10-29T18:49:24.466884Z"
113,"1","Illustration of Child","2024-10-29T18:49:31.229433Z","03751.jpg",113,"272_22",5.323,"https://feedback05.wbbasket.ru/vol1816/part181615/181615920/photos/fs.webp","2024-10-29T18:49:31.229433Z"
114,"1","Illustration of Child","2024-10-29T18:49:37.240896Z","03786.jpg",114,"273_27",4.026,"https://feedback05.wbbasket.ru/vol1728/part172853/172853812/photos/fs.webp","2024-10-29T18:49:37.240896Z"
115,"1","Real Child","2024-10-29T18:49:41.095066Z","03797.jpg",115,"275_1",2.786,"https://feedback06.wbbasket.ru/vol1952/part195200/195200964/photos/fs.webp","2024-10-29T18:49:41.095066Z"
116,"1","Real Child","2024-10-29T18:49:45.079346Z","03798.jpg",116,"275_10",2.989,"https://feedback05.wbbasket.ru/vol1659/part165983/165983831/photos/fs.webp","2024-10-29T18:49:45.079346Z"
117,"1","Real Child","2024-10-29T18:49:49.013403Z","03811.jpg",117,"275_22",2.721,"https://feedback04.wbbasket.ru/vol1408/part140818/140818018/photos/fs.webp","2024-10-29T18:49:49.013403Z"
118,"1","Real Child","2024-10-29T18:49:55.158221Z","03883.jpg",118,"278_4",2.908,"https://feedback06.wbbasket.ru/vol2185/part218540/218540744/photos/fs.webp","2024-10-29T18:49:55.159223Z"
119,"1","Real Child","2024-10-29T18:49:59.555870Z","03873.jpg",119,"278_22",2.859,"https://videofeedback01.wbbasket.ru/9a28b279-5dba-4f11-9d8b-e82cb45d957f/preview.webp","2024-10-29T18:49:59.555870Z"
120,"1","Real Child","2024-10-29T18:50:03.081258Z","03874.jpg",120,"278_23",2.508,"https://feedback06.wbbasket.ru/vol1978/part197830/197830388/photos/fs.webp","2024-10-29T18:50:03.081258Z"
121,"1","Real Child","2024-10-29T18:50:10.838424Z","03877.jpg",121,"278_26",4.286,"https://feedback06.wbbasket.ru/vol1945/part194561/194561007/photos/fs.webp","2024-10-29T18:50:10.838424Z"
122,"1","Real Child","2024-10-29T18:50:15.600811Z","03965.jpg",122,"286_24",3.558,"https://feedback06.wbbasket.ru/vol2197/part219719/219719150/photos/fs.webp","2024-10-29T18:50:15.600811Z"
123,"1","Real Child","2024-10-29T18:50:22.038081Z","03983.jpg",123,"288_13",4.783,"https://feedback02.wbbasket.ru/vol736/part73684/73684090/photos/fs.webp","2024-10-29T18:50:22.038081Z"
124,"1","Real Child","2024-10-29T18:50:26.236262Z","04344.jpg",124,"306_30",2.997,"https://feedback05.wbbasket.ru/vol1645/part164576/164576441/photos/fs.webp","2024-10-29T18:50:26.236262Z"
125,"1","Illustration of Child","2024-10-29T18:50:31.647162Z","04456.jpg",125,"313_14",3.248,"https://feedback06.wbbasket.ru/vol2199/part219907/219907915/photos/fs.webp","2024-10-29T18:50:31.647162Z"
126,"1","Illustration of Child","2024-10-29T18:50:43.266998Z","04461.jpg",126,"313_19",3.702,"https://feedback06.wbbasket.ru/vol2186/part218694/218694274/photos/fs.webp","2024-10-29T18:50:43.266998Z"
127,"1","Real Child","2024-10-29T18:50:48.889474Z","04520.jpg",127,"317_3",2.993,"https://feedback06.wbbasket.ru/vol2170/part217006/217006663/photos/fs.webp","2024-10-29T18:50:48.889474Z"
128,"1","Real Child","2024-10-29T18:50:55.278606Z","04904.jpg",128,"346_1",5.177,"https://feedback06.wbbasket.ru/vol2108/part210896/210896234/photos/fs.webp","2024-10-29T18:50:55.278606Z"
129,"1","Real Child","2024-10-29T18:51:01.224028Z","04915.jpg",129,"346_2",2.813,"https://feedback06.wbbasket.ru/vol2108/part210892/210892825/photos/fs.webp","2024-10-29T18:51:01.224028Z"
130,"1","Real Child","2024-10-29T18:51:04.823374Z","04945.jpg",130,"349_2",2.368,"https://feedback06.wbbasket.ru/vol2041/part204159/204159129/photos/fs.webp","2024-10-29T18:51:04.823374Z"
131,"1","Real Child","2024-10-29T18:51:09.211972Z","04938.jpg",131,"349_13",2.891,"https://videofeedback01.wbbasket.ru/2fee5691-f84d-4750-af39-ff326548d2b3/preview.webp","2024-10-29T18:51:09.211972Z"
132,"1","Real Child","2024-10-29T18:51:15.165948Z","04939.jpg",132,"349_14",4.334,"https://feedback06.wbbasket.ru/vol1970/part197059/197059927/photos/fs.webp","2024-10-29T18:51:15.165948Z"
133,"1","Real Child","2024-10-29T18:51:22.819571Z","04940.jpg",133,"349_15",5.194,"https://feedback06.wbbasket.ru/vol1970/part197059/197059926/photos/fs.webp","2024-10-29T18:51:22.819571Z"
134,"1","Real Child","2024-10-29T18:51:28.002014Z","05231.jpg",134,"365_28",3.847,"https://feedback05.wbbasket.ru/vol1764/part176440/176440404/photos/fs.webp","2024-10-29T18:51:28.002014Z"
135,"1","Real Child","2024-10-29T18:51:33.133671Z","05232.jpg",135,"365_29",3.435,"https://feedback05.wbbasket.ru/vol1764/part176440/176440405/photos/fs.webp","2024-10-29T18:51:33.133671Z"
136,"1","Real Child","2024-10-29T18:51:38.331913Z","05234.jpg",136,"365_30",3.413,"https://feedback05.wbbasket.ru/vol1764/part176440/176440406/photos/fs.webp","2024-10-29T18:51:38.331913Z"
137,"1","Real Child","2024-10-29T18:51:44.801730Z","05304.jpg",137,"368_12",4.285,"https://feedback06.wbbasket.ru/vol1970/part197040/197040380/photos/fs.webp","2024-10-29T18:51:44.801730Z"
138,"1","Illustration of Child","2024-10-29T18:51:50.796205Z","05343.jpg",138,"371_1",4.337,"https://feedback06.wbbasket.ru/vol2222/part222205/222205540/photos/fs.webp","2024-10-29T18:51:50.796205Z"
139,"1","","2024-10-29T18:52:08.381133Z","05395.jpg",139,"372_3",3.095,"https://feedback06.wbbasket.ru/vol2043/part204362/204362108/photos/fs.webp","2024-10-29T18:52:08.381133Z"
140,"1","Real Child","2024-10-29T18:52:12.853698Z","05597.jpg",140,"383_11",2.841,"https://feedback03.wbbasket.ru/vol1148/part114862/114862899/photos/fs.webp","2024-10-29T18:52:12.853698Z"
141,"1","Real Child","2024-10-29T18:52:17.838642Z","05612.jpg",141,"383_25",3.115,"https://feedback02.wbbasket.ru/vol677/part67777/67777764/photos/fs.webp","2024-10-29T18:52:17.838642Z"
142,"1","Real Child","2024-10-29T18:52:31.645193Z","05613.jpg",142,"383_26",11.621,"https://feedback02.wbbasket.ru/vol677/part67777/67777780/photos/fs.webp","2024-10-29T18:52:31.646190Z"
143,"1","Real Child","2024-10-29T18:52:43.345266Z","05618.jpg",143,"383_30",2.687,"https://feedback02.wbbasket.ru/vol525/part52561/52561240/photos/fs.webp","2024-10-29T18:52:43.345266Z"
144,"1","Real Child","2024-10-29T18:52:50.402431Z","05824.jpg",144,"397_1",5.137,"https://feedback06.wbbasket.ru/vol2221/part222182/222182323/photos/fs.webp","2024-10-29T18:52:50.402431Z"
145,"1","Real Child","2024-10-29T18:52:54.988149Z","05927.jpg",145,"400_7",2.887,"https://feedback04.wbbasket.ru/vol1331/part133107/133107385/photos/fs.webp","2024-10-29T18:52:54.988149Z"
146,"1","Real Child","2024-10-29T18:53:02.822091Z","05901.jpg",146,"400_10",2.996,"https://feedback04.wbbasket.ru/vol1265/part126550/126550686/photos/fs.webp","2024-10-29T18:53:02.822091Z"
147,"1","Real Child","2024-10-29T18:53:08.761298Z","05903.jpg",147,"400_12",3.315,"https://feedback03.wbbasket.ru/vol1154/part115429/115429039/photos/fs.webp","2024-10-29T18:53:08.761298Z"
148,"1","Real Child","2024-10-29T18:53:20.866260Z","06099.jpg",148,"419_4",9.917,"https://feedback05.wbbasket.ru/vol1617/part161765/161765083/photos/fs.webp","2024-10-29T18:53:20.866260Z"
149,"1","Real Child","2024-10-29T18:53:39.589942Z","06101.jpg",149,"419_6",16.534,"https://feedback04.wbbasket.ru/vol1462/part146201/146201291/photos/fs.webp","2024-10-29T18:53:39.589942Z"
150,"1","Real Child","2024-10-29T18:53:46.200431Z","06079.jpg",150,"419_13",4.957,"https://feedback02.wbbasket.ru/vol636/part63670/63670516/photos/fs.webp","2024-10-29T18:53:46.200431Z"
151,"1","Real Child","2024-10-29T18:53:50.891448Z","06089.jpg",151,"419_22",98.36699999999999,"https://feedback02.wbbasket.ru/vol556/part55671/55671917/photos/fs.webp","2024-11-06T10:48:58.542000Z"
152,"1","Real Child","2024-10-29T18:53:57.003669Z","06091.jpg",152,"419_24",10.224,"https://feedback02.wbbasket.ru/vol494/part49499/49499417/photos/fs.webp","2024-11-06T10:47:10.769836Z"
153,"1","Real Child","2024-10-29T18:54:33.587614Z","06277.jpg",153,"437_15",34.333,"https://feedback06.wbbasket.ru/vol2108/part210893/210893630/photos/fs.webp","2024-10-29T18:54:33.587614Z"
154,"1","Real Child","2024-10-29T18:54:37.644228Z","06288.jpg",154,"437_25",2.784,"https://feedback06.wbbasket.ru/vol2062/part206221/206221079/photos/fs.webp","2024-10-29T18:54:37.644228Z"
155,"1","Real Child","2024-10-29T18:54:42.042251Z","06486.jpg",155,"452_7",3.221,"https://feedback06.wbbasket.ru/vol2098/part209884/209884954/photos/fs.webp","2024-10-29T18:54:42.042251Z"
156,"1","Real Child","2024-10-29T18:54:47.102743Z","06461.jpg",156,"452_11",3.588,"https://feedback06.wbbasket.ru/vol1966/part196624/196624287/photos/fs.webp","2024-10-29T18:54:47.102743Z"
157,"1","Real Child","2024-10-29T18:54:53.937469Z","06480.jpg",157,"452_29",3.358,"https://feedback05.wbbasket.ru/vol1893/part189357/189357197/photos/fs.webp","2024-10-29T18:54:53.937469Z"
158,"1","Real Child","2024-10-29T18:55:14.226493Z","06602.jpg",158,"463_30",18.958,"https://feedback01.wbbasket.ru/vol339/part33971/33971971/photos/fs.webp","2024-10-29T18:55:14.226493Z"
159,"1","Real Child","2024-10-29T18:55:21.494597Z","06661.jpg",159,"465_3",5.385,"https://feedback06.wbbasket.ru/vol1954/part195420/195420740/photos/fs.webp","2024-10-29T18:55:21.494597Z"
160,"1","Real Child","2024-10-29T18:55:26.736119Z","06732.jpg",160,"475_11",2.624,"https://feedback04.wbbasket.ru/vol1524/part152422/152422965/photos/fs.webp","2024-10-29T18:55:26.736119Z"
161,"1","Real Child","2024-10-29T18:55:31.674697Z","06733.jpg",161,"475_12",26.983999999999998,"https://feedback04.wbbasket.ru/vol1492/part149254/149254657/photos/fs.webp","2024-10-29T18:55:55.470503Z"
162,"1","Real Child","2024-10-29T18:56:03.217084Z","06737.jpg",162,"475_16",4.124,"https://feedback04.wbbasket.ru/vol1257/part125757/125757014/photos/fs.webp","2024-10-29T18:56:03.217084Z"
163,"1","Real Child","2024-10-29T18:56:07.053754Z","06742.jpg",163,"475_20",2.52,"https://feedback03.wbbasket.ru/vol1003/part100397/100397798/photos/fs.webp","2024-10-29T18:56:07.053754Z"
164,"1","Real Child","2024-10-29T18:56:12.373464Z","06747.jpg",164,"475_25",3.203,"https://feedback03.wbbasket.ru/vol922/part92219/92219386/photos/fs.webp","2024-10-29T18:56:12.373464Z"
165,"1","Real Child","2024-10-29T18:56:19.602580Z","06768.jpg",165,"479_12",9.011,"https://feedback05.wbbasket.ru/vol1829/part182914/182914356/photos/fs.webp","2024-11-06T10:23:09.411258Z"
166,"1","Real Child","2024-10-29T18:56:23.780092Z","06889.jpg",166,"485_12",2.483,"https://videofeedback02.wbbasket.ru/f0c85639-2cd1-4f15-a6f1-b2eab0d03ec4/preview.webp","2024-10-29T18:56:23.780092Z"
167,"1","Real Child","2024-10-29T18:56:46.253824Z","07074.jpg",167,"497_13",13.435,"https://feedback06.wbbasket.ru/vol2112/part211200/211200692/photos/fs.webp","2024-10-29T18:56:46.253824Z"
168,"1","Real Child","2024-10-29T18:56:54.078371Z","07075.jpg",168,"497_14",6.32,"https://feedback06.wbbasket.ru/vol2095/part209585/209585405/photos/fs.webp","2024-10-29T18:56:54.078371Z"
169,"1","Real Child","2024-10-29T18:56:59.279138Z","07076.jpg",169,"497_15",2.95,"https://feedback06.wbbasket.ru/vol2095/part209585/209585408/photos/fs.webp","2024-10-29T18:56:59.279138Z"
170,"1","Real Child","2024-10-29T18:57:05.006433Z","07130.jpg",170,"499_1",3.002,"https://feedback06.wbbasket.ru/vol2186/part218647/218647714/photos/fs.webp","2024-10-29T18:57:05.006433Z"
171,"1","Real Child","2024-10-29T18:57:09.104393Z","07141.jpg",171,"499_2",2.824,"https://feedback06.wbbasket.ru/vol2179/part217970/217970062/photos/fs.webp","2024-10-29T18:57:09.104393Z"
172,"1","Real Child","2024-10-29T18:57:20.456505Z","07144.jpg",172,"499_22",9.859,"https://feedback06.wbbasket.ru/vol2099/part209977/209977431/photos/fs.webp","2024-10-29T18:57:20.456505Z"
173,"1","Real Child","2024-10-29T18:57:24.924701Z","07149.jpg",173,"499_27",2.803,"https://feedback06.wbbasket.ru/vol2095/part209578/209578207/photos/fs.webp","2024-10-29T18:57:24.924701Z"
174,"1","Real Child","2024-10-29T18:57:30.036932Z","07410.jpg",174,"516_7",3.42,"https://feedback02.wbbasket.ru/vol642/part64225/64225382/photos/fs.webp","2024-10-29T18:57:30.036932Z"
175,"1","Real Child","2024-10-29T18:57:54.688201Z","07732.jpg",175,"542_2",22.392,"https://feedback06.wbbasket.ru/vol1959/part195998/195998645/photos/fs.webp","2024-10-29T18:57:54.688201Z"
176,"1","Real Child","2024-10-29T18:57:58.832157Z","07733.jpg",176,"542_3",2.793,"https://videofeedback02.wbbasket.ru/c435fe05-12b3-48e5-931e-d0d7ba5f7b2a/preview.webp","2024-10-29T18:57:58.832157Z"
177,"1","Real Child","2024-10-29T18:58:03.498090Z","07731.jpg",177,"542_10",2.568,"https://feedback03.wbbasket.ru/vol1142/part114252/114252677/photos/fs.webp","2024-10-29T18:58:03.498090Z"
178,"1","Real Child","2024-10-29T18:58:08.029553Z","07848.jpg",178,"551_7",2.601,"https://feedback05.wbbasket.ru/vol1909/part190927/190927888/photos/fs.webp","2024-10-29T18:58:08.029553Z"
179,"1","Real Child","2024-10-29T18:58:12.789010Z","08171.jpg",179,"620_1",2.614,"https://feedback05.wbbasket.ru/vol1578/part157888/157888622/photos/fs.webp","2024-10-29T18:58:12.789010Z"
180,"1","Both Present","2024-10-29T18:58:19.143638Z","08239.jpg",180,"623_9",4.987,"https://feedback06.wbbasket.ru/vol2007/part200713/200713248/photos/fs.webp","2024-10-29T18:58:19.143638Z"
181,"1","Real Child","2024-10-29T18:58:24.092274Z","08265.jpg",181,"628_2",3.068,"https://feedback06.wbbasket.ru/vol2136/part213655/213655602/photos/fs.webp","2024-10-29T18:58:24.092274Z"
182,"1","Real Child","2024-10-29T18:58:29.255858Z","08277.jpg",182,"628_30",2.991,"https://feedback05.wbbasket.ru/vol1805/part180568/180568483/photos/fs.webp","2024-10-29T18:58:29.255858Z"
183,"1","Real Child","2024-10-29T18:58:33.346158Z","08370.jpg",183,"637_3",2.547,"https://feedback06.wbbasket.ru/vol2108/part210843/210843684/photos/fs.webp","2024-10-29T18:58:33.346158Z"
184,"1","Real Child","2024-10-29T18:58:38.675485Z","08369.jpg",184,"637_29",3.796,"https://feedback04.wbbasket.ru/vol1365/part136576/136576573/photos/fs.webp","2024-10-29T18:58:38.675485Z"
185,"1","Real Child","2024-10-29T18:58:56.322700Z","08508.jpg",185,"655_19",2.89,"https://feedback03.wbbasket.ru/vol1048/part104835/104835417/photos/fs.webp","2024-10-29T18:58:56.322700Z"
186,"1","Real Child","2024-10-29T18:59:00.233022Z","08555.jpg",186,"660_1",2.777,"https://videofeedback04.wbbasket.ru/eef6be11-e32b-46ff-a928-ce7531111555/preview.webp","2024-10-29T18:59:00.233022Z"
187,"1","Real Child","2024-10-29T18:59:05.054409Z","08566.jpg",187,"660_2",3.616,"https://feedback06.wbbasket.ru/vol2225/part222521/222521608/photos/fs.webp","2024-10-29T18:59:05.054409Z"
188,"1","Real Child","2024-10-29T18:59:10.595200Z","08582.jpg",188,"660_7",3.195,"https://feedback06.wbbasket.ru/vol2223/part222330/222330170/photos/fs.webp","2024-10-29T18:59:10.595200Z"
189,"1","Real Child","2024-10-29T18:59:15.284265Z","08583.jpg",189,"660_8",3.205,"https://feedback06.wbbasket.ru/vol2205/part220542/220542862/photos/fs.webp","2024-10-29T18:59:15.284265Z"
190,"1","Real Child","2024-10-29T18:59:20.269236Z","08572.jpg",190,"660_25",3.353,"https://videofeedback03.wbbasket.ru/9e859eea-6ad4-43d3-87de-766f572f952d/preview.webp","2024-10-29T18:59:20.269236Z"
191,"1","Real Child","2024-10-29T18:59:25.887284Z","08573.jpg",191,"660_26",3.733,"https://feedback06.wbbasket.ru/vol2187/part218734/218734961/photos/fs.webp","2024-10-29T18:59:25.887284Z"
192,"1","Real Child","2024-10-29T18:59:41.495058Z","08739.jpg",192,"700_11",14.252,"https://feedback06.wbbasket.ru/vol2076/part207656/207656052/photos/fs.webp","2024-10-29T18:59:41.495058Z"
193,"1","Real Child","2024-10-29T18:59:46.287207Z","08832.jpg",193,"715_19",3.273,"https://feedback06.wbbasket.ru/vol1962/part196267/196267693/photos/fs.webp","2024-10-29T18:59:46.287207Z"
194,"1","Real Child","2024-10-29T18:59:50.451889Z","08834.jpg",194,"715_20",3.081,"https://feedback06.wbbasket.ru/vol1962/part196267/196267694/photos/fs.webp","2024-10-29T18:59:50.451889Z"
195,"1","Illustration of Child","2024-10-29T18:59:58.667551Z","09485.jpg",195,"781_15",4.94,"https://feedback04.wbbasket.ru/vol1403/part140397/140397842/photos/fs.webp","2024-10-29T18:59:58.667551Z"
196,"1","Real Child","2024-10-29T19:00:03.527316Z","09487.jpg",196,"781_17",2.964,"https://feedback04.wbbasket.ru/vol1403/part140355/140355356/photos/fs.webp","2024-10-29T19:00:03.527316Z"
197,"1","No Child Present","2024-10-29T19:00:22.229524Z","09595.jpg",197,"798_12",16.415,"https://feedback05.wbbasket.ru/vol1542/part154228/154228259/photos/fs.webp","2024-10-29T19:00:22.229524Z"
198,"1","No Child Present","2024-10-29T19:00:27.776583Z","09597.jpg",198,"798_14",4.067,"https://feedback05.wbbasket.ru/vol1542/part154228/154228261/photos/fs.webp","2024-10-29T19:00:27.776583Z"
199,"1","Illustration of Child","2024-10-29T19:00:32.115266Z","09682.jpg",199,"805_7",2.931,"https://feedback02.wbbasket.ru/vol598/part59808/59808288/photos/fs.webp","2024-10-29T19:00:32.115266Z"
200,"1","Real Child","2024-10-29T19:00:36.047472Z","10068.jpg",200,"862_10",2.69,"https://feedback06.wbbasket.ru/vol1995/part199583/199583946/photos/fs.webp","2024-10-29T19:00:36.047472Z"
201,"1","Real Child","2024-10-29T19:01:03.908182Z","10354.jpg",201,"902_28",4.871,"https://feedback05.wbbasket.ru/vol1722/part172293/172293959/photos/fs.webp","2024-10-29T19:01:03.908182Z"
202,"1","Real Child","2024-10-29T19:01:11.396899Z","10381.jpg",202,"905_16",9.643,"https://feedback06.wbbasket.ru/vol1974/part197427/197427620/photos/fs.webp","2024-10-29T19:01:16.502136Z"
203,"1","Real Child","2024-10-29T19:01:24.204688Z","10382.jpg",203,"905_17",3.974,"https://feedback06.wbbasket.ru/vol1974/part197427/197427622/photos/fs.webp","2024-10-29T19:01:24.204688Z"
204,"1","Real Child","2024-10-29T19:01:30.687249Z","10794.jpg",204,"971_18",11.045,"https://feedback06.wbbasket.ru/vol2064/part206468/206468969/photos/fs.webp","2024-11-06T10:36:27.758142Z"
205,"1","Illustration of Child","2024-10-29T19:01:36.360627Z","10800.jpg",205,"971_23",8.186,"https://feedback06.wbbasket.ru/vol2060/part206035/206035824/photos/fs.webp","2024-11-06T10:39:30.104061Z"
206,"1","Illustration of Child","2024-10-29T19:01:41.560210Z","10806.jpg",206,"971_29",6.321,"https://feedback06.wbbasket.ru/vol2055/part205531/205531591/photos/fs.webp","2024-11-06T10:39:34.507664Z"
207,"1","Illustration of Child","2024-10-29T19:01:46.362218Z","00062.jpg",207,"1019_6",3.323,"https://feedback01.wbbasket.ru/vol128/part12843/12843110/photos/fs.webp","2024-10-29T19:01:46.362218Z"
208,"1","Real Child","2024-10-29T19:01:52.249499Z","00064.jpg",208,"1019_8",7.42,"https://feedback01.wbbasket.ru/vol127/part12717/12717519/photos/fs.webp","2024-11-06T10:40:52.099962Z"
209,"1","Real Child","2024-10-29T19:02:01.775822Z","00059.jpg",209,"1019_30",2.759,"https://feedback02.wbbasket.ru/vol686/part68680/68680759/photos/fs.webp","2024-10-29T19:02:01.775822Z"
210,"1","Illustration of Child","2024-10-29T19:02:15.371225Z","00169.jpg",210,"1030_2",11.91,"https://feedback04.wbbasket.ru/vol1441/part144159/144159139/photos/fs.webp","2024-10-29T19:02:15.371225Z"
211,"1","Illustration of Child","2024-10-29T19:02:25.979764Z","00179.jpg",211,"1036_16",8.157,"https://feedback06.wbbasket.ru/vol2211/part221153/221153980/photos/fs.webp","2024-10-29T19:02:25.979764Z"
212,"1","No Child Present","2024-10-29T19:02:30.599343Z","00187.jpg",212,"1036_23",3.408,"https://feedback06.wbbasket.ru/vol2211/part221105/221105822/photos/fs.webp","2024-10-29T19:02:30.599343Z"
213,"1","Real Child","2024-10-29T19:02:34.859176Z","00206.jpg",213,"1043_5",2.97,"https://feedback01.wbbasket.ru/vol269/part26925/26925556/photos/fs.webp","2024-10-29T19:02:34.859176Z"
214,"1","Real Child","2024-10-29T19:02:39.136123Z","00207.jpg",214,"1043_6",2.52,"https://feedback01.wbbasket.ru/vol269/part26925/26925572/photos/fs.webp","2024-10-29T19:02:39.136123Z"
215,"1","Real Child","2024-10-29T19:02:43.474016Z","00208.jpg",215,"1043_7",2.762,"https://feedback01.wbbasket.ru/vol269/part26925/26925588/photos/fs.webp","2024-10-29T19:02:43.474016Z"
216,"1","No Child Present","2024-10-29T19:02:48.957667Z","00237.jpg",216,"1045_7",3.274,"https://feedback03.wbbasket.ru/vol995/part99551/99551739/photos/fs.webp","2024-10-29T19:02:48.957667Z"
217,"1","No Child Present","2024-10-29T19:02:54.540141Z","00239.jpg",217,"1045_9",2.7,"https://feedback03.wbbasket.ru/vol995/part99551/99551741/photos/fs.webp","2024-10-29T19:02:54.540141Z"
218,"1","No Child Present","2024-10-29T19:02:58.986365Z","00212.jpg",218,"1045_11",3.142,"https://feedback02.wbbasket.ru/vol576/part57632/57632002/photos/fs.webp","2024-10-29T19:02:58.986365Z"
219,"1","No Child Present","2024-10-29T19:03:33.162940Z","00213.jpg",219,"1045_12",32.899,"https://feedback02.wbbasket.ru/vol576/part57632/57632020/photos/fs.webp","2024-10-29T19:03:33.162940Z"
220,"1","No Child Present","2024-10-29T19:03:37.477347Z","00218.jpg",220,"1045_17",3.025,"https://feedback02.wbbasket.ru/vol457/part45703/45703375/photos/fs.webp","2024-10-29T19:03:37.477347Z"
221,"1","No Child Present","2024-10-29T19:03:44.170819Z","00230.jpg",221,"1045_28",4.805,"https://feedback02.wbbasket.ru/vol474/part47439/47439106/photos/fs.webp","2024-10-29T19:03:44.171854Z"
222,"1","No Child Present","2024-10-29T19:03:48.566144Z","00288.jpg",222,"1048_4",3.215,"https://feedback06.wbbasket.ru/vol2081/part208111/208111765/photos/fs.webp","2024-10-29T19:03:48.566144Z"
223,"1","Illustration of Child","2024-10-29T19:03:53.695308Z","00289.jpg",223,"1048_5",3.706,"https://feedback06.wbbasket.ru/vol2045/part204541/204541016/photos/fs.webp","2024-10-29T19:03:53.695308Z"
224,"1","No Child Present","2024-10-29T19:04:02.194927Z","00283.jpg",224,"1048_27",6.938,"https://feedback06.wbbasket.ru/vol1934/part193423/193423858/photos/fs.webp","2024-10-29T19:04:02.194927Z"
225,"1","Illustration of Child","2024-10-29T19:04:18.375101Z","00300.jpg",225,"1049_6",2.97,"https://feedback06.wbbasket.ru/vol2102/part210232/210232001/photos/fs.webp","2024-10-29T19:04:18.375101Z"
226,"1","Illustration of Child","2024-10-29T19:04:24.243715Z","00302.jpg",226,"1049_8",3.439,"https://feedback05.wbbasket.ru/vol1744/part174456/174456333/photos/fs.webp","2024-10-29T19:04:24.243715Z"
227,"1","Illustration of Child","2024-10-29T19:04:28.990045Z","00295.jpg",227,"1049_10",2.983,"https://feedback05.wbbasket.ru/vol1561/part156176/156176234/photos/fs.webp","2024-10-29T19:04:28.990045Z"
228,"1","No Child Present","2024-10-29T19:04:33.465261Z","00331.jpg",228,"1050_7",3.277,"https://feedback06.wbbasket.ru/vol1974/part197469/197469002/photos/fs.webp","2024-10-29T19:04:33.465261Z"
229,"1","Real Child","2024-10-29T19:04:38.085438Z","00361.jpg",229,"1051_7",3.518,"https://feedback06.wbbasket.ru/vol1925/part192589/192589024/photos/fs.webp","2024-10-29T19:04:38.085438Z"
230,"1","Real Child","2024-10-29T19:04:46.494931Z","00340.jpg",230,"1051_15",6.431,"https://feedback05.wbbasket.ru/vol1667/part166741/166741874/photos/fs.webp","2024-10-29T19:04:46.494931Z"
231,"1","No Child Present","2024-10-29T19:04:50.910253Z","00346.jpg",231,"1051_20",2.771,"https://feedback04.wbbasket.ru/vol1320/part132035/132035430/photos/fs.webp","2024-10-29T19:04:50.910253Z"
232,"1","Real Child","2024-10-29T19:04:55.105950Z","00347.jpg",232,"1051_21",2.988,"https://feedback04.wbbasket.ru/vol1310/part131026/131026936/photos/fs.webp","2024-10-29T19:04:55.105950Z"
233,"1","Real Child","2024-10-29T19:04:59.099014Z","00348.jpg",233,"1051_22",2.67,"https://feedback04.wbbasket.ru/vol1310/part131026/131026937/photos/fs.webp","2024-10-29T19:04:59.099014Z"
234,"1","Real Child","2024-10-29T19:05:15.127099Z","00354.jpg",234,"1051_28",2.535,"https://feedback03.wbbasket.ru/vol963/part96300/96300116/photos/fs.webp","2024-10-29T19:05:15.127099Z"
235,"1","Real Child","2024-10-29T19:05:20.093517Z","00393.jpg",235,"1058_9",3.454,"https://feedback05.wbbasket.ru/vol1880/part188021/188021419/photos/fs.webp","2024-10-29T19:05:20.093517Z"
236,"1","No Child Present","2024-10-29T19:05:29.047183Z","00366.jpg",236,"1058_11",6.318,"https://feedback05.wbbasket.ru/vol1756/part175686/175686402/photos/fs.webp","2024-10-29T19:05:45.840369Z"
237,"1","No Child Present","2024-10-29T19:05:33.026427Z","00367.jpg",237,"1058_12",7.27,"https://feedback05.wbbasket.ru/vol1756/part175686/175686403/photos/fs.webp","2024-10-29T19:05:41.291890Z"
238,"1","No Child Present","2024-10-29T19:05:58.589750Z","00373.jpg",238,"1058_18",2.751,"https://feedback05.wbbasket.ru/vol1693/part169331/169331943/photos/fs.webp","2024-10-29T19:05:58.589750Z"
239,"1","Illustration of Child","2024-10-29T19:06:02.830780Z","00382.jpg",239,"1058_26",3.286,"https://feedback05.wbbasket.ru/vol1644/part164498/164498839/photos/fs.webp","2024-10-29T19:06:02.830780Z"
240,"1","Illustration of Child","2024-10-29T19:06:06.755067Z","00413.jpg",240,"1062_7",2.755,"https://feedback04.wbbasket.ru/vol1435/part143514/143514629/photos/fs.webp","2024-10-29T19:06:06.755067Z"
241,"1","No Child Present","2024-10-29T19:06:13.527085Z","00396.jpg",241,"1062_11",3.373,"https://feedback04.wbbasket.ru/vol1280/part128036/128036491/photos/fs.webp","2024-10-29T19:06:13.527085Z"
242,"1","Illustration of Child","2024-10-29T19:06:17.249102Z","00401.jpg",242,"1062_16",2.612,"https://feedback03.wbbasket.ru/vol1183/part118382/118382092/photos/fs.webp","2024-10-29T19:06:17.249102Z"
243,"1","Illustration of Child","2024-10-29T19:06:25.527839Z","00418.jpg",243,"1065_11",5.237,"https://feedback06.wbbasket.ru/vol2031/part203117/203117736/photos/fs.webp","2024-10-29T19:06:25.527839Z"
244,"1","No Child Present","2024-10-29T19:06:29.590706Z","00430.jpg",244,"1065_22",2.849,"https://feedback04.wbbasket.ru/vol1286/part128618/128618478/photos/fs.webp","2024-10-29T19:06:29.590706Z"
245,"1","No Child Present","2024-10-29T19:06:33.512747Z","00431.jpg",245,"1065_23",2.736,"https://feedback04.wbbasket.ru/vol1243/part124307/124307871/photos/fs.webp","2024-10-29T19:06:33.512747Z"
246,"1","No Child Present","2024-10-29T19:06:38.247494Z","00435.jpg",246,"1065_27",3.489,"https://feedback03.wbbasket.ru/vol1141/part114169/114169861/photos/fs.webp","2024-10-29T19:06:38.247494Z"
247,"1","No Child Present","2024-10-29T19:06:42.508803Z","00437.jpg",247,"1065_29",2.952,"https://feedback03.wbbasket.ru/vol1135/part113509/113509178/photos/fs.webp","2024-10-29T19:06:42.508803Z"
248,"1","No Child Present","2024-10-29T19:06:46.466902Z","00448.jpg",248,"1067_3",2.975,"https://feedback06.wbbasket.ru/vol2001/part200166/200166211/photos/fs.webp","2024-10-29T19:06:46.466902Z"
249,"1","No Child Present","2024-10-29T19:06:51.397831Z","00455.jpg",249,"1076_1",2.836,"https://feedback06.wbbasket.ru/vol2141/part214145/214145808/photos/fs.webp","2024-10-29T19:06:51.397831Z"
250,"1","No Child Present","2024-10-29T19:06:56.003141Z","00482.jpg",250,"1076_7",3.048,"https://feedback06.wbbasket.ru/vol2043/part204308/204308089/photos/fs.webp","2024-10-29T19:06:56.003141Z"
251,"1","No Child Present","2024-10-29T19:07:05.247809Z","00483.jpg",251,"1076_8",7.133,"https://feedback06.wbbasket.ru/vol2043/part204308/204308091/photos/fs.webp","2024-10-29T19:07:05.247809Z"
252,"1","No Child Present","2024-10-29T19:07:13.650141Z","00474.jpg",252,"1076_27",7.303,"https://feedback06.wbbasket.ru/vol1974/part197473/197473285/photos/fs.webp","2024-10-29T19:07:13.650141Z"
253,"1","Real Child","2024-10-29T19:07:18.554861Z","00475.jpg",253,"1076_28",2.713,"https://feedback06.wbbasket.ru/vol1974/part197473/197473289/photos/fs.webp","2024-10-29T19:07:18.554861Z"
254,"1","No Child Present","2024-10-29T19:07:28.678485Z","00487.jpg",254,"1077_11",8.628,"https://feedback06.wbbasket.ru/vol2226/part222653/222653432/photos/fs.webp","2024-10-29T19:07:28.678485Z"
255,"1","No Child Present","2024-10-29T19:07:42.752955Z","00488.jpg",255,"1077_12",10.36,"https://feedback06.wbbasket.ru/vol2226/part222653/222653433/photos/fs.webp","2024-10-29T19:07:42.752955Z"
256,"1","No Child Present","2024-10-29T19:07:47.244389Z","00497.jpg",256,"1077_20",3.171,"https://feedback06.wbbasket.ru/vol2224/part222427/222427079/photos/fs.webp","2024-10-29T19:07:47.244389Z"
257,"1","No Child Present","2024-10-29T19:07:52.300251Z","00502.jpg",257,"1077_25",3.613,"https://feedback06.wbbasket.ru/vol2223/part222331/222331482/photos/fs.webp","2024-10-29T19:07:52.300251Z"
258,"1","Illustration of Child","2024-10-29T19:07:57.212775Z","00526.jpg",258,"1079_2",3.435,"https://feedback06.wbbasket.ru/vol2184/part218447/218447744/photos/fs.webp","2024-10-29T19:07:57.212775Z"
259,"1","Real Child","2024-10-29T19:08:02.793498Z","00527.jpg",259,"1079_20",9.5,"https://feedback06.wbbasket.ru/vol2003/part200309/200309465/photos/fs.webp","2024-11-06T10:41:26.835388Z"
260,"1","Illustration of Child","2024-10-29T19:08:08.380878Z","00528.jpg",260,"1079_21",4.052,"https://feedback06.wbbasket.ru/vol1983/part198310/198310723/photos/fs.webp","2024-10-29T19:08:08.380878Z"
261,"1","No Child Present","2024-10-29T19:08:13.129661Z","00545.jpg",261,"1080_1",2.949,"https://feedback06.wbbasket.ru/vol2211/part221111/221111047/photos/fs.webp","2024-10-29T19:08:13.129661Z"
262,"1","Illustration of Child","2024-10-29T19:08:17.650060Z","00573.jpg",262,"1080_8",3.038,"https://feedback06.wbbasket.ru/vol2179/part217919/217919203/photos/fs.webp","2024-10-29T19:08:17.650060Z"
263,"1","No Child Present","2024-10-29T19:08:23.500501Z","00547.jpg",263,"1080_11",3.745,"https://feedback06.wbbasket.ru/vol2164/part216442/216442027/photos/fs.webp","2024-10-29T19:08:23.500501Z"
264,"1","No Child Present","2024-10-29T19:08:29.201296Z","00548.jpg",264,"1080_12",2.91,"https://feedback06.wbbasket.ru/vol2164/part216441/216441669/photos/fs.webp","2024-10-29T19:08:29.201296Z"
265,"1","No Child Present","2024-10-29T19:08:33.406646Z","00549.jpg",265,"1080_13",2.624,"https://feedback06.wbbasket.ru/vol2153/part215321/215321716/photos/fs.webp","2024-10-29T19:08:33.406646Z"
266,"1","No Child Present","2024-10-29T19:08:38.268983Z","00553.jpg",266,"1080_17",2.738,"https://feedback06.wbbasket.ru/vol2058/part205841/205841712/photos/fs.webp","2024-10-29T19:08:38.268983Z"
267,"1","Illustration of Child","2024-10-29T19:08:43.036216Z","00554.jpg",267,"1080_18",3.192,"https://feedback06.wbbasket.ru/vol2058/part205841/205841714/photos/fs.webp","2024-10-29T19:08:43.036216Z"
268,"1","No Child Present","2024-10-29T19:08:50.970679Z","00559.jpg",268,"1080_22",3.186,"https://feedback06.wbbasket.ru/vol1981/part198127/198127632/photos/fs.webp","2024-10-29T19:08:50.970679Z"
269,"1","No Child Present","2024-10-29T19:08:55.058940Z","00560.jpg",269,"1080_23",2.831,"https://feedback06.wbbasket.ru/vol1981/part198127/198127688/photos/fs.webp","2024-10-29T19:08:55.058940Z"
270,"1","Real Child","2024-10-29T19:09:01.428190Z","00591.jpg",270,"1089_24",4.056,"https://feedback01.wbbasket.ru/vol363/part36368/36368282/photos/fs.webp","2024-10-29T19:09:01.428190Z"
271,"1","Illustration of Child","2024-10-29T19:09:10.194408Z","00697.jpg",271,"1103_10",6.932,"https://feedback06.wbbasket.ru/vol2072/part207238/207238619/photos/fs.webp","2024-10-29T19:09:10.194408Z"
272,"1","Illustration of Child","2024-10-29T19:09:15.998539Z","00701.jpg",272,"1103_14",4.291,"https://feedback06.wbbasket.ru/vol2068/part206844/206844782/photos/fs.webp","2024-10-29T19:09:15.998539Z"
273,"1","Illustration of Child","2024-10-29T19:09:22.370476Z","00711.jpg",273,"1103_23",3.261,"https://feedback06.wbbasket.ru/vol2066/part206601/206601957/photos/fs.webp","2024-10-29T19:09:22.370476Z"
274,"1","Real Child","2024-10-29T19:09:26.903275Z","00713.jpg",274,"1103_25",13.236,"https://feedback06.wbbasket.ru/vol2062/part206290/206290411/photos/fs.webp","2024-11-06T10:41:46.513597Z"
275,"1","Illustration of Child","2024-10-29T19:09:33.768331Z","00727.jpg",275,"1105_2",2.691,"https://feedback06.wbbasket.ru/vol2122/part212231/212231275/photos/fs.webp","2024-10-29T19:09:33.768331Z"
276,"1","No Child Present","2024-10-29T19:09:43.911873Z","00736.jpg",276,"1106_4",8.602,"https://feedback05.wbbasket.ru/vol1871/part187114/187114467/photos/fs.webp","2024-10-29T19:09:43.911873Z"
277,"1","No Child Present","2024-10-29T19:09:49.046525Z","00744.jpg",277,"1108_13",3.474,"https://feedback06.wbbasket.ru/vol1950/part195096/195096724/photos/fs.webp","2024-10-29T19:09:49.046525Z"
278,"1","Illustration of Child","2024-10-29T19:09:53.754819Z","00752.jpg",278,"1108_20",3.091,"https://feedback05.wbbasket.ru/vol1772/part177296/177296080/photos/fs.webp","2024-10-29T19:09:53.754819Z"
279,"1","Illustration of Child","2024-10-29T19:09:58.190497Z","00754.jpg",279,"1108_22",2.591,"https://feedback05.wbbasket.ru/vol1736/part173624/173624421/photos/fs.webp","2024-10-29T19:09:58.190497Z"
280,"1","Illustration of Child","2024-10-29T19:10:04.955207Z","00757.jpg",280,"1108_25",3.587,"https://feedback05.wbbasket.ru/vol1675/part167575/167575057/photos/fs.webp","2024-10-29T19:10:04.955207Z"
281,"1","Illustration of Child","2024-10-29T19:10:09.620310Z","00795.jpg",281,"1113_2",3.051,"https://feedback03.wbbasket.ru/vol987/part98706/98706943/photos/fs.webp","2024-10-29T19:10:09.620310Z"
282,"1","No Child Present","2024-10-29T19:10:13.756620Z","00806.jpg",282,"1113_3",2.677,"https://feedback02.wbbasket.ru/vol804/part80493/80493730/photos/fs.webp","2024-10-29T19:10:13.756620Z"
283,"1","No Child Present","2024-10-29T19:10:18.304227Z","00808.jpg",283,"1113_4",3.065,"https://feedback02.wbbasket.ru/vol668/part66845/66845567/photos/fs.webp","2024-10-29T19:10:18.304227Z"
284,"1","No Child Present","2024-10-29T19:10:23.414785Z","00810.jpg",284,"1113_6",3.201,"https://feedback02.wbbasket.ru/vol503/part50383/50383566/photos/fs.webp","2024-10-29T19:10:23.414785Z"
285,"1","Illustration of Child","2024-10-29T19:10:27.573829Z","00786.jpg",285,"1113_11",2.612,"https://feedback01.wbbasket.ru/vol363/part36367/36367861/photos/fs.webp","2024-10-29T19:10:27.573829Z"
286,"1","No Child Present","2024-10-29T19:10:32.605254Z","00807.jpg",286,"1113_30",2.894,"https://feedback02.wbbasket.ru/vol511/part51186/51186578/photos/fs.webp","2024-10-29T19:10:32.605254Z"
287,"1","Real Child","2024-10-29T19:10:36.843312Z","00825.jpg",287,"1117_2",2.722,"https://feedback06.wbbasket.ru/vol2152/part215222/215222724/photos/fs.webp","2024-10-29T19:10:36.843312Z"
288,"1","Real Child","2024-10-29T19:10:40.893732Z","00836.jpg",288,"1117_3",2.439,"https://feedback06.wbbasket.ru/vol2152/part215222/215222718/photos/fs.webp","2024-10-29T19:10:40.893732Z"
289,"1","Real Child","2024-10-29T19:10:48.846089Z","00838.jpg",289,"1117_4",5.587,"https://feedback06.wbbasket.ru/vol2020/part202045/202045967/photos/fs.webp","2024-10-29T19:10:48.846089Z"
290,"1","Real Child","2024-10-29T19:11:10.434773Z","00841.jpg",290,"1117_7",24.68,"https://feedback06.wbbasket.ru/vol2020/part202001/202001282/photos/fs.webp","2024-11-06T10:42:09.689006Z"
291,"1","Illustration of Child","2024-10-29T19:11:17.697029Z","00817.jpg",291,"1117_12",3.83,"https://feedback06.wbbasket.ru/vol1953/part195332/195332381/photos/fs.webp","2024-10-29T19:11:17.697029Z"
292,"1","Illustration of Child","2024-10-29T19:13:24.535110Z","00829.jpg",292,"1117_23",3.975,"https://feedback05.wbbasket.ru/vol1915/part191554/191554136/photos/fs.webp","2024-10-29T19:13:24.535110Z"
293,"1","No Child Present","2024-10-29T19:13:29.046172Z","00907.jpg",293,"1136_1",3.046,"https://feedback04.wbbasket.ru/vol1358/part135899/135899704/photos/fs.webp","2024-10-29T19:13:29.046172Z"
294,"1","No Child Present","2024-10-29T19:13:34.329615Z","00909.jpg",294,"1136_2",2.666,"https://feedback04.wbbasket.ru/vol1358/part135899/135899703/photos/fs.webp","2024-10-29T19:13:34.329615Z"
295,"1","No Child Present","2024-10-29T19:13:39.953765Z","00910.jpg",295,"1136_3",3.018,"https://feedback04.wbbasket.ru/vol1358/part135899/135899706/photos/fs.webp","2024-10-29T19:13:39.953765Z"
296,"1","No Child Present","2024-10-29T19:13:44.044136Z","00915.jpg",296,"1136_8",2.524,"https://feedback03.wbbasket.ru/vol1033/part103356/103356029/photos/fs.webp","2024-10-29T19:13:44.044136Z"
297,"1","No Child Present","2024-10-29T19:13:50.193531Z","00920.jpg",297,"1137_12",3.418,"https://feedback03.wbbasket.ru/vol1016/part101692/101692045/photos/fs.webp","2024-10-29T19:13:50.193531Z"
298,"1","Illustration of Child","2024-10-29T19:13:54.820949Z","00952.jpg",298,"1142_2",3.044,"https://feedback06.wbbasket.ru/vol2216/part221619/221619761/photos/fs.webp","2024-10-29T19:13:54.820949Z"
299,"1","No Child Present","2024-10-29T19:13:59.104552Z","00965.jpg",299,"1142_4",2.923,"https://feedback06.wbbasket.ru/vol2151/part215159/215159300/photos/fs.webp","2024-10-29T19:13:59.104552Z"
300,"1","Illustration of Child","2024-10-29T19:14:03.631227Z","00964.jpg",300,"1142_30",3.074,"https://feedback05.wbbasket.ru/vol1734/part173408/173408414/photos/fs.webp","2024-10-29T19:14:03.631227Z"
301,"1","No Child Present","2024-10-29T19:14:09.496438Z","00974.jpg",301,"1145_4",4.14,"https://feedback04.wbbasket.ru/vol1293/part129308/129308840/photos/fs.webp","2024-10-29T19:14:09.496438Z"
302,"1","Illustration of Child","2024-10-29T19:14:13.791491Z","01094.jpg",302,"1167_2",2.966,"https://feedback05.wbbasket.ru/vol1903/part190350/190350821/photos/fs.webp","2024-10-29T19:14:13.791491Z"
303,"1","No Child Present","2024-10-29T19:14:26.266639Z","01143.jpg",303,"1182_11",2.98,"https://feedback06.wbbasket.ru/vol1996/part199699/199699533/photos/fs.webp","2024-10-29T19:14:26.266639Z"
304,"1","No Child Present","2024-10-29T19:14:30.513279Z","01146.jpg",304,"1182_14",2.848,"https://feedback06.wbbasket.ru/vol1991/part199179/199179370/photos/fs.webp","2024-10-29T19:14:30.513279Z"
305,"1","Illustration of Child","2024-10-29T19:14:35.684479Z","01156.jpg",305,"1182_23",3.219,"https://feedback06.wbbasket.ru/vol1984/part198400/198400132/photos/fs.webp","2024-10-29T19:14:35.684479Z"
306,"1","Illustration of Child","2024-10-29T19:14:39.853915Z","01160.jpg",306,"1182_27",2.883,"https://feedback06.wbbasket.ru/vol1982/part198205/198205073/photos/fs.webp","2024-10-29T19:14:39.853915Z"
307,"1","Illustration of Child","2024-10-29T19:14:44.276921Z","01162.jpg",307,"1182_29",3.045,"https://feedback06.wbbasket.ru/vol1981/part198186/198186013/photos/fs.webp","2024-10-29T19:14:44.276921Z"
308,"1","No Child Present","2024-10-29T19:14:48.687994Z","01225.jpg",308,"1201_4",3.011,"https://feedback06.wbbasket.ru/vol2222/part222263/222263157/photos/fs.webp","2024-10-29T19:14:48.687994Z"
309,"1","Real Child","2024-10-29T19:14:57.100042Z","01207.jpg",309,"1201_15",6.887,"https://feedback06.wbbasket.ru/vol2214/part221461/221461754/photos/fs.webp","2024-10-29T19:14:57.100042Z"
310,"1","Illustration of Child","2024-10-29T19:15:01.437662Z","01210.jpg",310,"1201_18",3.045,"https://feedback06.wbbasket.ru/vol2213/part221336/221336350/photos/fs.webp","2024-10-29T19:15:01.437662Z"
311,"1","Illustration of Child","2024-10-29T19:15:07.276333Z","01222.jpg",311,"1201_29",4.196,"https://feedback06.wbbasket.ru/vol2210/part221022/221022572/photos/fs.webp","2024-10-29T19:15:07.276333Z"
312,"1","No Child Present","2024-10-29T19:15:16.951798Z","01260.jpg",312,"1217_1",3.208,"https://feedback04.wbbasket.ru/vol1301/part130102/130102166/photos/fs.webp","2024-10-29T19:15:16.951798Z"
313,"1","No Child Present","2024-10-29T19:15:21.614363Z","01261.jpg",313,"1217_2",3.218,"https://feedback04.wbbasket.ru/vol1301/part130102/130102167/photos/fs.webp","2024-10-29T19:15:21.614363Z"
314,"1","Real Child","2024-10-29T19:15:26.637221Z","01399.jpg",314,"1260_4",3.038,"https://feedback05.wbbasket.ru/vol1766/part176690/176690545/photos/fs.webp","2024-10-29T19:15:26.637221Z"
315,"1","Real Child","2024-10-29T19:15:33.485872Z","01402.jpg",315,"1268_1",5.048,"https://feedback06.wbbasket.ru/vol2220/part222048/222048451/photos/fs.webp","2024-10-29T19:15:33.485872Z"
316,"1","Illustration of Child","2024-10-29T19:15:39.286867Z","01511.jpg",316,"1335_2",2.668,"https://feedback02.wbbasket.ru/vol716/part71622/71622718/photos/fs.webp","2024-10-29T19:15:39.286867Z"
317,"1","No Child Present","2024-10-29T19:15:43.952457Z","01591.jpg",317,"1356_11",3.132,"https://feedback04.wbbasket.ru/vol1291/part129134/129134078/photos/fs.webp","2024-10-29T19:15:43.952457Z"
318,"1","No Child Present","2024-10-29T19:15:48.687955Z","01592.jpg",318,"1356_12",3.031,"https://feedback04.wbbasket.ru/vol1291/part129134/129134080/photos/fs.webp","2024-10-29T19:15:48.687955Z"
